,,0,1,2,3,4,5,6,7,8,9,10,11,12,13,14,15,16,17,18,19,20,21,22,23,24,25,26,27,28,29,30,31,32,33,34,35,36,37,38,39,40,41,42,43,44,45,46,47,48,49,50,51,52,53,54,55,56,57,58,59,60,61,62,63,64,65,66,67,68,69,70,71,72,73,74
all,0,1.17101983977,-0.393737238151,-0.00399110195905,-0.00399675975987,-0.125654161202,-0.0799490124182,-0.0260990461119,0.21024932867,-0.11290557261,0.059559385482,-0.127197530405,-0.0940014069234,-0.0968846594005,-0.0422202919084,0.202263716493,0.0955715596481,-0.25556745679,0.0473165767534,0.0828815306825,0.0877353460676,-0.0926367235727,0.0477547467663,0.792283288362,-0.567628021691,-0.175522709783,-0.18885929182,-0.216569516351,0.0997410397875,0.0365452859274,-0.35575977314,0.273783218237,-0.0930128532763,-0.137073452859,-0.0571066135443,-0.156067914232,0.0257696348529,0.0176623092026,-0.158717637151,0.138678141535,-0.0813223257991,0.0843582814424,-0.135611836109,-0.290529438895,0.0996387748223,0.0160060942583,0.274680024105,-0.344794648156,0.113616454941,-0.446380875029,-0.34510704273,0.126481311689,0.0894877657555,0.117072567406,-0.106365119322,0.029253652306,-0.0744224075487,0.0740808109164,0.0283536210837,-0.0451477079171,-0.487142803581,-0.416447466258,-0.293975169986,-0.0735361181187,0.134197350454,0.677019000003,-0.637604492023,0.219903100953,0.306922683979,-0.138422469335,-0.473940951531,-0.295362151227,0.409187427692,0.466314326661,0.234719660664,3.66728084468
all,1,-0.980993320266,0.388767858656,0.000942162341364,-0.0203646966811,0.0751538346279,0.102217674611,-0.0124638106895,-0.199843762016,0.160553779763,-0.0389359372186,0.134218724714,0.0935302877173,0.109246555721,0.0385032535761,-0.127364565512,-0.0498087355563,0.189319984135,0.00186776172557,-0.0581656628742,-0.154552958429,0.104077995846,-0.0208689520464,-0.608313318774,0.0798212858571,-0.0118019185652,0.0353404152965,0.216984762608,-0.0641223181181,-0.232701520569,-0.0278404937575,-0.25756529354,0.0325888441213,0.0562021708603,0.0295178474059,0.0988567972783,0.047242191022,0.022037474025,0.0787318853268,-0.0686254153288,0.0356320636618,-0.0638999003648,0.144546798472,0.130166820972,-0.0517194393444,0.0640537286273,-0.182185498321,0.134461470906,-0.0400810604289,0.00438426547479,0.325582155519,-0.0846815137724,-0.059888841804,-0.141040696027,0.0853682772215,0.0390986189201,0.0776236233332,-0.0836746723293,0.0144914737437,-0.0643161127118,0.375863552593,0.130884844282,-0.259027260408,-0.131306062253,0.135446833321,-0.487208064317,0.28752109845,-0.34624597715,-0.571799750042,0.0340285409047,0.124477287775,0.010724103854,-0.256641114688,-0.441543849681,-0.254253505745,-0.441426841257
all,2,-1.21195671076,-0.0362720092002,0.0771627679318,0.0624440303566,0.209416518534,-0.100374817039,0.178390556515,-0.024953743183,-0.206534443448,-0.172769812425,-0.0434246980293,-0.0295931836051,-0.0802167959262,-0.00380016745702,-0.256519520427,-0.140482703127,0.255429693849,-0.208362484085,-0.0704508151125,0.356165854601,-0.0393105310228,-0.196940335957,-0.72594597326,0.680555455188,0.603159793819,0.544907101449,0.283504006505,-0.0744944459575,0.33632704117,0.721779809906,-0.0661035947447,0.16240197543,0.304935262968,0.197984305082,0.167061329488,-0.354313343818,0.132690490776,0.451634310749,-0.148219617875,-0.0432039645392,-0.150348130639,-0.0963042680059,0.431668795973,-0.51066066811,-0.424364258744,-0.573247573227,0.426999290257,-0.41693234186,0.546112515551,-0.218154412175,0.0779434275825,-0.0346394474568,0.026089806764,0.0660069859236,-0.112692443304,-0.0953781989439,-0.0312878710196,-0.113737940779,0.135396542922,0.627799094135,0.617294919727,0.817035849413,0.343998380107,-0.42818007309,-0.54154509853,0.375430425984,-0.125957418834,0.437168871914,-0.266896173203,0.6231311667,0.0922793429923,-0.237596175082,0.234079680653,-0.0578858172716,-4.53975804565
all,3,-0.697891282098,-0.71596643878,-0.101572363168,0.509737405356,-0.0129499007132,-0.166822376314,0.191114421793,-0.00999076851295,-0.477563534747,0.143871976747,-0.0672438041123,0.0916279248804,-0.0809503210316,-0.36321320369,-0.11549922837,-0.0763186706346,0.011466927555,-0.107156768671,-0.184442203027,0.396053301199,-0.572545593827,0.212307631127,-0.423189748446,0.151093261025,-0.366908151846,0.186080964539,0.271321878701,-0.874051498504,1.13336534806,0.192133065442,0.0932486171818,0.184337815533,-0.235420584802,-0.328638596291,0.164075893407,-0.877398176682,-0.0837428984594,-0.390328638321,-0.659178350653,0.154701761981,-0.0098654026974,-0.0786870154379,0.0569322815824,0.875129341916,0.172507784785,0.000685742242536,0.552128827579,-0.00128481153004,0.200444766479,0.167810767947,-0.524304875383,-0.0607746126245,0.118927829325,-0.232672195035,-0.236704695193,0.162248339123,0.19683793068,-0.193212203519,0.156773095879,-0.101122678784,0.390987159093,1.50682301927,0.524598206006,-0.416454192604,-0.15564505463,0.207514704533,0.0018295218373,-0.0476680553393,0.267341057973,0.421115082442,0.33714830547,0.0255609086462,-0.330825907856,0.0516950501344,-4.61861860713
Ford,0,1.16193667634,-0.412028170761,-0.15004082311,-0.0270255293447,-0.00867837342069,-0.351027543635,-0.075022514548,0.0342700736862,0.0514239469381,-0.0494508185821,-0.00973854144144,0.0888973573542,-0.0419037139087,-0.0651487351568,0.241731684265,0.14733187467,-0.127924850176,-0.0895953488192,-0.0764672971407,0.00437950635382,0.0536209289021,-0.0719414515416,1.00864344297,-0.156182150947,0.806752007644,0.0177897016839,0.449382615738,0.143504804073,-0.333821257649,-0.720430050557,0.416809783252,-0.320408432086,-0.168931454667,0.548173986593,-0.326818946838,-0.0187851858831,-0.0105170991189,-0.465055604435,-0.0525251363208,0.287918863041,0.204402598611,0.0348474026963,-0.0757692927822,0.0466123211493,0.137862194928,0.463046671255,-0.603844218201,0.20735088607,-1.71825395727,-0.0170849268374,-0.111140404759,0.231357008263,-0.0763166147198,-0.167900932618,0.0741939312019,-0.0806105056393,0.22074868212,-0.0835068486577,-0.147018836037,-0.658117498524,-0.401756335503,-0.181215585993,0.0279130993793,0.13809694438,-0.00271747367263,-0.498839051547,-0.0202786505053,0.662666800436,-0.285007904567,-0.554847676329,0.151922825858,0.405654035465,0.709225198242,0.351080382755,2.9110250822
Ford,1,-1.02157835335,0.413739461046,0.0901649342526,0.00746956833278,-0.0652042222914,0.45146499142,-0.0977815427096,-0.0959983067588,0.00221957259045,-0.0564403588567,-0.0857976126156,-0.0949653241534,0.0633219591249,0.0964042516928,-0.148411758393,-0.0772067181839,0.0911901678185,0.134671420718,0.0715009647105,-0.0111349345191,-0.0481207681664,0.0790980027827,-0.867382786902,0.0533447780097,-0.85300869203,-0.385340468574,-0.257741990898,-0.154331807177,0.187666729564,0.431939109012,-0.398240701939,0.151264597393,0.077109913724,-0.619751391129,0.302493542265,0.112644021607,0.218574470892,0.221334354202,0.223385127327,-0.369149449389,-0.1414384534,-0.0983903375249,-0.0162849236207,-0.0536401441934,-0.0164366671487,-0.442579870523,0.353889406033,-0.0642208177626,0.762943285543,0.175311759713,0.0977375979984,-0.169904517041,-0.0020139493699,0.192071904848,-0.0257697450864,0.0701335028486,-0.24197068458,0.11331728079,0.0228968370081,0.530222601242,0.271201334057,-0.397785465527,-0.0321249027318,-0.0783532929717,0.155688244911,0.306328556456,-0.35532923521,-0.578640593281,-0.1603435411,0.346833527841,0.0685434013608,-0.194181406147,-0.936716740194,-0.333864238096,-0.838846065636
Ford,2,-0.824910642272,0.160308100533,0.419602570505,0.0447469549417,0.580020673571,-0.786137682479,0.624755162982,0.278707009984,-0.295970780783,0.53905401983,0.504645331355,-0.225900248996,-0.468918585249,0.187627289205,-0.52523148779,-0.660857171683,0.110496681737,-0.0226960756775,0.040263931236,-0.0761065334414,-0.010600842637,-0.0780084766032,-0.916043217155,-0.437258375851,0.0905452750828,0.75664503979,-0.363703922771,0.100765705664,0.234054528771,0.70108364213,0.0866478119194,0.29630133462,-0.00916191757347,0.360880534001,0.219489384848,-0.429369672573,-0.292666226866,1.11892350741,-0.270050029048,0.447748526217,-0.226388880265,0.270869387422,0.280933270717,-0.176084531687,-0.328861395824,-0.0171556438343,0.608505087929,-1.1288075333,0.867911153784,-0.366457961924,0.0998097111504,-0.0878462385808,0.147300436842,-0.0275316862574,0.0280117665848,0.0481573441661,0.0902047950733,0.0998445806282,-0.021202247205,0.756751771327,0.200668953532,1.17509676783,-0.180814431344,0.302171975812,-1.04607831584,0.00742210717854,1.16573696318,-0.573217977027,0.474429069578,0.306484335679,-0.812387556845,-0.563337057149,0.142068213181,-0.103062225891,-2.70173273704
Ford,3,-0.647385093779,-1.06140932436,-0.030504156784,0.512517744168,0.0818586089495,0.0353443603468,0.465633251919,-0.349988906111,0.20666132988,-0.0786494223622,0.436008414113,0.922988663881,0.577589892079,-0.770507601597,-0.303368112107,-0.0625070703395,0.141589204532,-0.255767710384,-0.00868926138866,0.582237460453,-0.285669883597,-0.113207652677,-0.531330528308,0.247220314235,-0.0574910112519,-0.106762679746,-0.0449716074363,0.0675176081472,0.589132221431,-0.260311326163,-0.291984918765,0.70475956298,0.446060519236,-0.0915536813225,-0.399394920421,-0.489355442708,-0.0187420463156,-0.260548512367,-0.18386044992,-0.0853456013486,-0.444778460255,0.433623146216,-0.0876339163916,0.290833658759,-0.299382797776,-0.433493942279,-0.146218234558,-0.238944697913,0.0910005641093,-0.123305943261,-0.120932615552,-0.0773522619911,0.398591721468,-0.362509041079,-0.254853054151,-0.226164462206,0.380405020096,-0.711489475489,0.962968570151,-0.199619738735,0.310111473026,1.76053264446,0.674798326243,-0.680562274973,-0.26938299455,-0.451673372504,-0.302574044598,-0.456099004802,-0.220501866849,0.255004096412,-0.0967381032134,-0.60314140479,0.330561493751,-0.722043458518,-1.82355121596
Honda,0,0.745716036727,-0.591514467731,-0.0861379199805,0.13890175116,-0.0600175315576,-0.0922091598476,0.231191277669,0.293351614201,-0.198729594224,0.136944664644,0.0110054236905,-0.0878363257102,-0.0415078292221,-0.153281425406,0.32524021367,0.0579889363689,-0.328671544251,0.0333270154694,0.262266814316,-0.755249593201,-0.171409709582,0.236955587192,0.775975727122,0.220761348303,-0.07222451759,0.102801263065,-0.143003982523,0.0148865393343,0.300501776387,-0.252778597854,0.055118621018,-0.209148232334,0.0369909613441,0.34920922083,-0.0160437384775,-0.0637558647456,0.448998505827,-0.405368202928,-0.0558175925676,0.187453145951,0.216675936865,-0.031745094603,-0.508448385295,0.273252166422,-0.348701141257,-0.0426076716681,-0.298344680293,0.0159338369443,-0.122249062918,0.0477781461851,-0.0686147305142,-0.0850622249251,0.0468420500629,-0.117410181942,0.211465137265,0.019404527501,0.295611735123,-0.16067012194,-0.0470084328647,-0.430391087603,-0.36001346272,-0.307868191692,-0.455939079925,0.569955891038,0.359057024262,0.171226635439,-0.0739030699487,0.502570825952,-0.347480507413,0.0380709121609,-0.0046667381089,-0.0486910629654,0.223810855137,0.328983476997,2.46611923208
Honda,1,-0.569471411801,0.465379996062,0.185649788984,-0.232893767217,0.0279561059011,0.101045188799,-0.143999307411,-0.223100936379,0.237156854593,-0.0568592614061,0.0579997554263,0.114865023875,0.000703263087763,0.175684178965,-0.22524796362,-0.0226158332793,0.190789423661,-0.00134825680394,-0.220940142148,0.546613491499,0.120734613389,-0.200713435965,-0.586402773785,-0.212223577071,-0.367821613646,-0.440487627887,0.127719399753,0.072730795513,-0.489211931843,-0.0787508837032,-0.0172012837546,0.0260895305192,-0.0271684286843,-0.29019856797,0.00699607421538,0.201732325263,-0.463880891016,0.457786845798,-0.0409483092009,-0.410781968609,-0.192464638175,0.131275434008,0.0074999844745,-0.157709561997,0.460510550455,0.0258957829151,0.0135568308542,0.0107123066929,0.0498801047407,0.142295597756,0.117662925732,-0.0015369145852,-0.128011740588,0.0187053711249,-0.0299436235886,0.0327337021654,-0.21869105275,0.207725712646,-0.129802499757,0.364828358672,0.0164308007625,-0.183545460625,0.248796763955,-0.146462925681,-0.574554402522,-0.0761264529663,-0.193577106915,-0.575419096271,0.254014113072,-0.0460521058109,-0.058105107747,0.0133625632174,-0.237020982094,-0.241992198202,-0.674950174451
Honda,2,-0.721135479911,0.245754710331,-0.624752090473,0.539339234097,0.363018856431,-0.0304954984624,-0.458086231833,-0.457644246879,-0.0805733062803,-0.682234563929,-0.317652641372,0.0724831737278,0.333333682061,-0.125574200923,-0.023806676344,-0.168129402614,0.571380228114,-0.391031119497,-0.0924893720861,0.304530262242,0.107964819122,-0.0758568537144,-0.812239359713,0.0968392353493,0.932938493062,0.737154080623,0.401929686363,-0.339293849248,0.334405907744,0.659810016987,-0.0957782791009,0.847278684398,-0.00526809672254,0.12164098437,0.170434027584,-1.15588220662,0.329127092317,-0.396539181284,0.333833840702,-0.155847161483,-0.216030919607,-0.510189838527,1.14619229472,-0.520577621042,-0.594443161915,0.0347021778334,0.910807877377,-0.637343317069,0.425019905437,-0.322024041876,0.115971878852,0.3492454403,0.229405806144,0.264493679952,-0.434284296775,-0.012242710873,-0.114233449619,-0.151059476242,0.245147915415,0.350874473531,0.894990598012,0.78492344446,0.415505647737,-0.999045562765,0.0757100549626,-0.328879273637,-0.0919853311021,0.09404331074,0.0487894398102,-0.211223483934,-0.2592791532,-0.578897656555,0.167507039874,-0.446157471916,-1.97389398512
Honda,3,-0.16731583635,-0.167622130301,-0.347534801644,0.309925863824,-0.378431319111,-0.0877723607521,-0.238926622278,-0.322140815702,-0.876976944522,-0.588234939909,-0.691934312295,-0.600521072732,-0.764990279987,0.0198158134505,-0.619364073051,-0.13866443264,-0.00823400607195,1.08001336028,-0.216915556257,-0.199823601346,0.355784166517,-0.270319539943,-0.75444623648,-0.0618682262932,0.422291735295,0.38860344242,-0.13051835102,-0.525832368198,0.631556501159,-0.520450456659,-0.926565876106,-0.0150901200294,-0.305765676694,-0.110663585475,-0.479549170733,-0.288139656273,-0.0369993567364,-0.430288561777,-0.170182955982,1.33211106135,0.0246035845696,-0.399483537679,-0.314489458935,-0.248880724774,-0.176381482546,-0.351729960596,0.442610822105,1.28857292806,-0.194923028391,-0.0448200898925,-0.137609319893,0.156203207441,-0.556078506301,0.784989798393,-0.114709085299,-0.300965415152,0.0668858395993,-0.616545552829,1.12253123844,-0.517470427463,0.168214177814,1.7183154429,0.633747947479,-0.547683679991,-0.121830532379,-0.485030623822,0.251915285534,-0.282080205223,-0.263176971638,-0.105593411727,0.0733888233061,0.179055231538,-0.315585712445,-0.888413980335,-2.46958938997
Chrysler,0,0.627514663157,-0.619614777962,-0.40581667218,0.540867846431,-0.46521662883,-0.0764414794806,-0.107725634408,0.212345380765,-0.643308450627,0.0554017936454,-0.16933770107,-0.81315894659,0.0450323255833,-0.424256934942,-0.0486006194939,0.173072301065,-0.105935193008,0.550112472855,0.35294189544,-0.00641417065914,0.605714057363,0.285245843977,0.652834028951,-0.514592599846,-0.37887355633,0.0472800188918,-0.575707156809,-0.277253001276,-0.613227415984,-0.480388123922,0.386600860686,0.246977458781,-0.234952494369,-0.39325252901,-0.841335935148,0.8724739903,-0.773069567397,0.449275492408,0.0,-0.386982871357,0.332677502671,-0.240402368085,0.0677404274157,0.418558498689,-0.945726499153,0.301196899387,0.423805143607,-0.0412231805807,-0.627569252336,-0.124295889111,0.358300158484,-0.31796268975,0.104540236498,-0.0175367673981,-0.58098231133,-0.165241800626,0.122227411671,-0.339433557809,-0.299503899742,-0.313299672585,0.319646450848,-0.823510659702,-0.0750831657382,0.116256388511,-0.216959583291,0.183605769521,0.439156012561,0.117478965287,0.114952686237,0.385290658907,-0.57428183212,0.329260735335,0.375320954481,0.876529979584,2.02840873421
Chrysler,1,-0.625398584139,0.22113690933,0.571322653694,-0.409477330667,0.619154203135,0.0124213089481,-0.140528252131,0.2728032519,0.51006225803,0.197044727026,0.288954373816,0.143043358643,-0.254720557669,0.0546765858732,0.054525658766,-0.0266623799731,0.14574379176,-0.258766611435,-0.123240087122,-0.0692067196302,-0.563999689255,-0.512351588224,-0.408086004093,0.789602106122,0.760673476976,0.112669041143,0.854467857842,0.338595574145,0.0370203105834,-0.226378878344,0.0248506505366,-0.24648751336,0.0207665350832,0.662225081771,0.611650571075,-0.870764032805,0.165109404762,-0.637586641117,0.0,0.199547498796,-0.400267652536,0.353625779371,-0.1321625804,-0.374713456136,0.730526882619,-0.269550415092,-0.663983433708,0.0223420989316,-0.888002692666,0.112816981199,-0.0840902037953,0.530768426126,-0.324264080663,0.411151265039,0.592076552048,-0.26533030325,0.112384326834,0.270104842375,0.0795403295659,0.173167095648,-0.652485935061,-0.594212911706,-0.394781838843,0.12720582928,0.1191784192,0.0424757882779,-0.507465580884,-0.150425880909,0.112900071333,-0.59903192132,0.146471660312,0.0893391553396,-0.226509575078,-1.01166168512,-0.154213125678
Chrysler,2,-0.0622699595369,0.715170031128,-0.217018477988,-0.241112852782,-0.752173058435,0.0216908694501,0.654091361332,-0.37351065096,0.438702258857,-0.606759482243,-0.217802286309,0.781645456702,0.306172248382,0.354779307794,-0.314210301455,-0.140917287847,-0.151826451017,-0.69381710013,-0.180415431937,0.172016883193,-0.0633726677622,0.295978479777,-0.71303768369,-0.120988502797,-0.245737307192,-0.140652779226,-0.326909576798,-0.136396020906,0.530414155956,0.301448392699,-0.643941516297,-0.0508929022621,0.34156008459,-0.165126081201,-0.187374759211,0.26913040804,0.812321667469,0.25941091571,0.0,0.0972787100844,0.313782378025,-0.139921077647,0.406926482999,0.0507890346612,-0.455771815916,0.118910068039,0.442382194511,0.0302879639764,0.57213401887,-0.0475716296753,-0.093895026233,-0.0692730156342,0.338218813723,-0.767234480304,-0.184120237571,0.514598319542,-0.524867480333,-0.161587303014,0.585300127088,0.39601691478,0.430345642378,1.258578975,0.470153089934,-0.0166031228012,-0.31996175191,-0.763852356227,-0.13962277863,-0.433017677021,-0.293525763515,-0.503020270179,0.0772390329746,-0.814193583593,-0.00360498649938,0.819431195537,-0.901826629224
Chrysler,3,-0.0208405959613,-0.51992349819,-0.633576445698,0.60761943152,-0.32265921075,0.540084012587,-0.267445904082,-0.650830169691,-0.341633027956,-0.108621873501,-0.0893380204311,0.964844808066,-0.189530692409,-0.00414470143414,0.196220997446,-0.0787130119525,-0.644922189959,-0.228153364232,-0.481334870586,-0.286467547617,0.162310471987,0.533536596113,-0.171954571641,-0.057002606386,-0.0354462422142,-0.0167839066032,-0.0511883191366,-0.753975667671,0.0511726996206,-0.383384584769,0.19762739874,-0.284844809529,0.0316084321937,-0.256204013868,0.278612695299,-0.275964378173,-0.0482333554307,0.468639481717,0.0,-0.220945242236,0.0290487222706,-0.407496829137,-0.344505063606,-0.256344173696,0.385093719483,-0.226475416971,0.585477606893,0.192277358253,0.942979889642,-0.0157952796014,-0.260201806929,-0.818443489886,0.932706835574,0.073376377291,0.139759611726,0.270764439786,-0.26685127541,0.218010184157,-0.186794420283,-0.564082877949,0.535937759961,1.67977643518,0.19224473079,-0.573850331899,-0.470484065028,-0.106366834159,-0.268069217904,-0.183106390905,-0.312439345245,0.178221369409,-0.28881873346,-0.248706109153,-0.157415281955,-0.482900792785,-1.42545724533
Subaru,0,0.93471701415,-0.435650935552,0.270659417483,0.091115052661,-0.190159004405,-0.0649773084025,-0.225517074526,0.0602706711164,-0.307247999385,-0.142364111959,-0.027699181974,-0.243729090883,-0.182804899286,-0.163597511629,0.226581656663,0.050616849063,-0.236106419334,0.106286686176,0.152495512312,0.0703495737119,-0.142964846586,0.145593995169,0.873734250633,-0.394802813525,0.3738502617,-0.456844367573,0.663063147311,-0.169067747646,-0.174387041594,-0.48845941057,0.168888775348,-0.0307028722738,0.111809883685,-0.494256617138,-0.414332804221,0.234452028392,0.186279552967,0.0214438477389,-0.233820317544,-0.215630762052,-0.022468378565,0.0135847385764,-0.0027274488433,0.322260900675,-0.136904379329,0.420559273447,-0.475855284881,0.414740122212,-0.187628693897,-0.539932153196,0.102731702662,0.128446036706,0.221388501226,-0.104193338487,0.00125382316003,-0.0161665701773,-0.0800501240747,0.116754886199,0.0438964306456,-0.570274540209,-0.462246684859,-0.162551950448,-0.166193705287,0.457808879931,0.473018663497,0.130884466953,0.332838666631,-0.351166754686,-0.0442652004634,-0.25338193728,0.306768414299,0.852580697642,-0.94461642672,0.748510542703,3.06436202464
Subaru,1,-0.859026015591,0.446076810947,-0.275762458049,-0.0555748729331,0.162133141946,0.0829279088188,0.0373375124719,-0.0186735978374,0.332018291871,0.15101088044,0.0670809597364,0.221062023923,0.232268024787,0.147091194345,-0.206166570235,0.0622412270724,0.21088491316,-0.0793450702003,-0.14190406652,-0.113803343306,0.206283391342,-0.0955234502772,-0.749400589301,-0.420420692069,-0.484794984587,0.171106035728,-0.73766521307,0.112082327376,-0.032868454841,0.296193501224,-0.20641136005,0.0939321591277,-0.126443288969,0.615745125529,0.273095229454,-0.167722684559,-0.084559800245,-0.0492088424009,-0.116668402452,-0.0157510157387,-0.00343962747651,0.0196361735254,-0.185495155098,-0.367472767971,0.107546240659,-0.277294846028,0.277021998503,-0.408485593242,0.0970520970015,0.0797226419753,0.00609127758933,-0.173952024151,-0.207958821577,0.161592350975,0.0049965365827,0.189584798881,-0.0639646659001,-0.069348938634,-0.19512707738,0.487716134683,0.281345849955,-0.23744379022,0.0466763213003,-0.177486113897,-0.309040755981,-0.122917875951,-0.48647518944,0.0617208362754,0.0514838840378,0.070841664153,-0.183160611898,-0.734418840176,0.723819102443,-0.529585553805,-1.21538780342
Subaru,2,-0.507035386265,-0.414608456459,0.0568337754749,0.0133679900643,-0.0552311405617,-0.144357797453,0.592382547881,-0.579167565311,-0.15489762325,-0.60843360905,-0.686186473169,0.0969700643547,-0.167211600471,0.0287566918377,-0.0678515922357,-0.830960020089,0.169011404795,-0.118677907035,0.184869804232,0.186690208924,-0.630968502532,-0.672583963454,-0.632198820581,1.17657479111,0.699765184846,0.780047147178,0.489218325228,0.392030387999,0.412514755615,0.368535041703,0.0905617304173,-0.0527360708458,0.281135834261,-0.174755662959,0.595804889155,-0.184895815861,-0.657488345198,0.505899980823,0.539433417296,-0.280985239769,0.110150297156,-0.285270237605,0.186639219329,0.120555377158,-0.398965894555,-0.532645731937,0.259879778956,-0.13127332793,-0.264678442975,0.377791057968,-0.717276363534,0.228037261446,0.171626936173,-0.0908072679191,0.0175490972506,-0.82744401135,0.272728824577,-0.166286978523,0.557546040909,0.710187741923,0.423944943148,0.948244840229,0.259654225757,-0.684395881142,-0.543902039561,-0.0162925507645,-0.285913084426,0.63355315056,-1.04390147969,0.650563124755,-1.00504998506,-0.204653607824,0.314272448274,-0.459700006046,-3.16984781443
Subaru,3,-0.126120914539,0.627330878693,0.279012145399,-0.673305414654,0.355268132366,-0.304088319934,0.490833630043,0.228749331329,-0.802725601366,0.318763966869,0.362248845922,0.229429546935,-0.270837464385,-0.19425482784,0.292096866021,-0.216236098079,-0.310348435552,-0.847010274787,-0.279362559192,0.4915253107,-0.378826372318,0.683823179678,-0.394738671713,-0.0521719410879,-0.248219980022,-0.148557820329,-0.116314353029,-0.895481184429,1.3212415098,-0.322071657472,0.593085842085,-0.673192375776,0.0142837301871,-0.0432672824681,-0.382160030804,-0.730906913157,0.710214188204,-0.157539794234,-0.064083191011,0.730753338725,0.209072635696,0.0994778800156,0.494848790913,0.348109652487,0.324046078614,-0.860942357142,1.38070474793,0.0615520934285,0.44777311076,0.839078961251,-0.461581694911,0.501309417054,-0.542077228123,-1.37493220726,0.712046001037,0.185287773902,0.839550224274,-0.436075740999,0.111475408929,-0.895057583391,0.553752019853,0.785031486771,-0.0299945294334,-0.252273820924,-0.33970277103,-0.468694414727,-0.559948071814,-0.00195674798496,-0.0966508951733,-0.803104794553,-0.135440900095,-0.721442638534,-0.65500879471,-1.20745182689,-1.16057923961
Volkswagen,0,0.607860614592,-0.379638349485,-0.250564129265,-0.346907459786,-0.186538255229,0.3667030185,-0.134239452369,0.00215060622464,-0.280111095285,0.24502192785,-0.012308174866,0.0136867611787,-0.158542223658,0.225300831233,0.234694745832,0.053287422268,-0.157354705661,0.0193507203183,0.0958535322589,0.0929718454727,-0.250559864791,-0.408554488653,0.744221219076,-0.464899999577,-0.590637127855,0.0323890208364,-0.443610425983,0.290775032056,0.315434588346,-0.312305445016,0.318517894512,-0.168842361882,0.0961379771062,-0.691470565983,-0.436966719206,0.0115655753,0.800699393563,-0.295001538582,0.0500307603237,-0.165563735314,-0.226977296062,-0.0742545713146,-0.177560398229,0.541327503507,-0.0654604143559,0.269189050163,-0.429816804275,0.450048318014,-0.505507410514,-0.226396382099,0.0549134715276,0.199467106898,-0.149742457011,-0.0429841986822,0.177447456673,-0.0637154531934,0.0451473950414,0.22526766628,-0.0680523106738,-0.518937991486,-0.281244291039,-0.0703699664674,-0.0588513964837,0.0261078647879,0.46736048037,0.164087558032,0.510959357759,1.34375527929,0.979387216969,0.294700967864,-0.0496110725729,-0.0936255047002,-0.653178467475,0.0116310548249,2.83798629079
Volkswagen,1,-0.23431375471,0.446670902152,0.223791109654,0.114695748008,0.0781125245625,-0.273191508675,0.11408926576,-0.13333711897,0.195754949378,-0.029176151021,-0.0411993304494,-0.0846146581033,0.190429141675,-0.0540889235921,-0.0106283393474,-0.0319922824657,0.0472411894173,0.0336456728829,0.0851848076532,-0.108851690794,0.215420401262,0.488959467059,-0.48126392637,-0.0205968851898,0.209762452124,0.0573844946299,0.295528076059,-0.0864886314341,-0.510062155613,-0.359758185847,-0.336876317864,0.144295428399,-0.173416073367,1.06222877848,0.454652172064,0.0824980188505,-0.504232321598,-0.0442634332476,0.149658056376,-0.816428476661,0.206804172424,0.172104685341,-0.00048064624086,-0.508000178138,0.0993131185422,-0.241266021445,0.404593086271,-0.402152002323,0.608268271162,0.0740820017715,0.221204962455,-0.0115578667161,0.0409276292748,0.00020734509929,-0.14579860459,-0.107458648631,-0.144592880007,-0.13147960632,0.156957176322,0.385888284355,0.0300587668795,-0.42148828407,-0.114635798558,0.218075252724,0.042907684465,-0.246067836553,-0.495498657353,-1.41656660308,-0.516894339819,-0.741186170896,0.242541602854,-0.141611614812,0.282986150674,-0.0109477902437,0.206069218571
Volkswagen,2,-0.864854104171,-0.127981939584,-0.12182270857,0.610473998659,0.23583805538,-0.0116992785178,0.0252104435342,0.275761348308,0.3030260705,-0.972944235094,0.294505327075,0.27896779661,-0.304951498006,-0.358831541242,-0.500005949731,-0.183084494477,0.147642053225,-0.116424084077,-0.862079972234,0.201446188452,0.185844033064,-0.777360023298,-0.809185880931,0.91657755617,0.172655981362,0.170175024897,0.255619462976,-1.00040967015,0.375116760734,1.21265924664,0.0716391056402,-0.105170074771,0.01375317622,-0.751261769271,-0.0568381409767,-0.21532341633,-0.282294980336,0.879715016743,-0.279235946335,1.42998624684,-0.234928748103,-0.294173034897,0.529496454032,-0.0840225532233,-0.24513882768,0.0182804723257,-0.0663897221395,0.176237211667,-0.138101354719,-0.0869286039227,-0.100530945359,-0.328519264206,0.0578596759383,-0.0475118516772,0.179273673929,0.234402384378,0.132123759073,-0.242749391903,-0.35795819094,0.647296345357,0.52607543684,0.700081402468,0.270552683115,-0.495238150941,-1.84508279511,0.136404443646,-0.214994616778,0.19414669982,-0.945723586128,0.345521975196,-0.201803721354,0.275249709217,0.726121250496,-0.49782077188,-3.02658160509
Volkswagen,3,-0.102273949106,-0.540688686433,0.0624642288278,-0.0731652787747,0.425831689624,-0.600239149317,-0.106441699985,0.8209287657,-0.596204712931,0.0683872409195,-0.69192571054,-0.0940251077376,-0.097990748295,-0.714398143924,-0.706229405571,0.567793167865,0.612460110948,-0.629030648143,-0.670331658509,-0.180902082,-0.953972607091,-0.23832953956,-0.328789848135,-0.0545600394615,-0.0370367200154,-0.17618406566,-0.0721686059297,-0.54752100012,1.42834486516,-0.394159509779,0.0429768710698,-0.438753057794,0.251485752844,-0.0740907098634,-0.381607963028,-0.787820690541,-0.0225424819579,-0.270992421868,-0.15170478131,-0.0953017604357,0.470728608274,-0.699620636501,-0.323811482923,-0.224644794519,-0.331484275822,-0.357066606001,-0.532706550574,-0.545598289313,-0.184572786115,0.813535658457,-0.134244745446,-0.539450338024,-0.0414131836613,0.594191588107,-0.540003396282,0.794133978392,0.325803575092,-0.108881660905,0.0601594022988,-0.877086390625,-0.129406328105,1.46870348203,0.554548338355,-0.130091479767,0.353315073566,-0.0748914387272,-0.61613707575,-0.449041948957,-0.348042084066,0.489091599326,-1.20539924284,-0.871253762666,-0.416253925792,-0.37844010605,-2.03211306688
Chevrolet,0,0.997925049853,-0.64540575499,-0.109955697956,-0.15353782335,-0.228882153617,0.066046006039,-0.497684611685,0.238833762523,-0.0976370649162,-0.0413734585739,0.00436672476577,-0.067642934136,0.0971888558055,-0.070886963536,0.256391182843,0.110982102512,-0.308502939057,0.00259781153316,-0.00678395667113,0.0111336695221,0.115116062392,-0.0682842937024,0.754819666746,-0.414558234403,-0.574619697305,-0.535474231059,-0.718047104279,0.170545991933,0.00965980049805,-0.661092319019,0.372346894735,0.137706626055,-0.470147127505,-0.429853352262,0.101753391428,0.015626869344,-0.298052713854,-0.0354446850015,-0.563032105899,0.230685200689,0.0969998241863,-0.195458031465,0.0171516609866,-0.128420280809,0.254687256201,0.101693299474,-0.490628518423,0.0838785656314,0.0374171135058,-0.725745722532,0.937730430279,0.0290846569605,0.183611473748,-0.09762673287,0.0465782879268,0.258056953372,-0.0191887648975,-0.12586959716,-0.0440553624603,-0.589065138155,-0.435832864985,-0.363878260992,0.127902508033,-0.0670861343402,0.403152986011,-0.269679400247,1.09978566903,-0.374198742853,-0.260543396475,-0.129327130681,0.20846409551,0.317505786534,0.194516826064,-0.110416953224,2.73814977209
Chevrolet,1,-0.851096920985,0.616079124743,0.0153087394219,0.0993613582767,0.237069607168,0.01838991642,0.394275154849,-0.176819864219,0.0501991213604,0.054330247706,-0.000523405905088,0.135029419999,-0.107222282245,0.0343232164723,-0.218174200438,-0.00638974857736,0.238433299714,0.0255919926603,0.0105986178046,-0.223748716993,-0.0497054790103,0.0342842312699,-0.565045445167,0.171196478592,0.248669398173,0.554061279454,0.884282642517,-0.0747469368553,-0.0985146765247,-0.123215076394,-0.279594567917,-0.244646308167,0.407154945495,0.14140693177,-0.0783779955274,0.109266569976,0.0740308796572,0.0134591340511,-0.155271292117,-0.268418649242,-0.0789630655358,0.250827879787,0.0232740159053,0.0610256388484,-0.249543634365,-0.0890992499066,0.360876460878,-0.0496756426022,0.0998892818542,0.591872294586,-0.570207458945,-0.0231425939922,-0.172776210547,0.0377823172438,-0.00853188177308,-0.0590295846176,0.021674928809,0.112925989651,-0.120908727835,0.418678339619,0.162195252675,-0.22840212851,-0.281402629014,0.252436214766,-0.408479997725,-0.102714602819,-0.831626843511,0.185441820274,-0.0193143792974,-0.198406762364,-0.183864735493,-0.212366054784,-0.217577930053,-0.00539849415509,-0.0711958666258
Chevrolet,2,-0.281361531077,-0.0146847883148,0.165087374124,0.0428584455973,0.150447778748,-0.343532861018,0.346461049161,-0.560648927813,0.0423740088834,-0.203097298179,-0.0396770567485,-0.140631454589,-0.00605953669124,0.258046109328,-0.129114212731,-0.503211929205,0.316139612778,-0.209117635252,0.209888451762,0.785935861566,-0.122593206013,0.247743986401,-0.869469816274,0.486145727024,0.559723586552,-0.190158458283,-0.515980074936,-0.60589732257,0.212677522779,0.967527378944,-0.210393703846,0.552024283352,0.0518012755804,0.626404527555,-0.294672589606,-0.6030675718,0.49628713907,0.454635222701,1.11923957894,0.272542555239,-0.0598287618576,-0.625079109743,-0.137346861029,0.255356152572,-0.0431875315169,-0.0161278149115,0.375200373732,-0.292000287846,-0.620043572147,-0.488917371428,-0.611887723435,0.0545241760941,-0.157582271182,0.0298640841003,0.0287088141378,-0.483387368621,-0.0168928305089,0.0204522327747,0.382452754447,0.922725675363,0.453324646869,0.912177456254,0.342374281348,-0.295334158205,-0.0590355238287,0.317986861723,-0.735811345428,0.00559572896765,0.403100977957,1.17843158774,-0.338105480813,-0.743165109719,0.0259396885545,0.104566905847,-4.22050245959
Chevrolet,3,-0.508378604666,-1.00738515393,0.345088498568,0.801604897568,-0.766727038195,-0.287246329004,-0.443556935347,0.185043160465,0.283386020643,0.412422430582,-0.0972245284114,-0.738904384409,-0.108775096648,-0.259175400484,-0.0682977556257,-0.20336716736,-0.567997578533,0.0646137792732,-0.614835954123,-0.25441740998,-0.832636190843,-0.0572632094853,-0.399779655106,-0.17710712121,-0.20933993843,-0.162143827814,-0.138491659681,-0.39443780608,0.192829064534,0.831176965428,-0.0747870129024,0.11732619092,0.329480994679,-0.0822813412062,0.295092318879,-0.521428188177,-0.0455876753751,-0.249871823818,-0.0731032072094,-0.0986496334114,-0.310486963862,0.224782577164,0.175984550222,0.00217406741426,0.516071061529,-0.108289272733,-0.0491709732009,0.265610155312,0.764576580326,0.657020687434,-0.118847838796,0.011645009333,0.483796680392,0.470346479742,-0.0964363929674,-0.435414821719,-0.0526004459771,-0.571006364622,-0.31403444375,0.099758224891,0.464201902661,1.2424835753,0.27323704486,-0.256281430306,-0.306369490915,0.100058848174,-0.279805111544,-0.96700481406,-0.385584359598,-0.0771223225647,0.023615958927,0.290248611252,0.298709367211,-0.596285616818,-1.79863107968
Kia,0,0.725397217541,-0.192748728512,0.0766862907264,-0.00139560464089,-0.33437605972,-0.152200682599,0.157915021133,0.234536351469,-0.307325792938,0.117348887252,-0.329733287382,-0.0332138324594,-0.0228535711154,0.264971466963,-0.29371315929,-0.0313827458554,-0.318974740245,0.358117756084,0.541566496098,0.778793425105,-0.482567979317,-0.310370581089,0.588222986699,-0.618429662805,-0.731683450722,-0.195323893069,0.0297094095702,-0.0533517440711,-0.0877811395048,-0.406831737097,-0.0676277163052,0.549329735668,-0.368323608442,-0.801450255018,0.159723671022,0.164060562905,0.577156797051,-0.0784270663854,-0.315858795492,0.0199292834447,0.0616891158322,-0.194704312871,-0.21586067512,0.0697092500011,-0.125171917,0.393421730319,0.0437479999163,-0.222090924869,-0.25994848411,-0.378286073743,-0.48543240985,0.0140050796687,0.226275422246,0.187147421263,-0.164586584204,-0.0947133349894,0.0258346337624,-0.053659113088,-0.0303237565192,-0.483583760988,-0.570932558718,-0.188065175953,0.155520782178,-0.14688120347,0.402927845603,-1.0527182925,0.344210651275,0.583026707712,0.56784619921,-0.40458436611,0.210423098444,0.108056225505,0.943485298928,0.609467499487,3.49890210913
Kia,1,-0.589715088073,0.26725673423,0.0394661490267,-0.223037567502,0.400745337158,0.0965721102121,-0.19878335639,-0.219436296918,0.226665863078,-0.0421722024385,0.326541126576,0.119430872192,0.0733034520508,-0.425574520437,0.307071432984,0.111063530937,0.209936171547,-0.271228374542,-0.47139716624,-0.937538861109,0.475697360401,0.221586232653,-0.476476810668,0.47526632379,0.409912380059,-0.377512094901,0.307179385554,0.112331099067,-0.0856937327524,0.445633632973,0.133118838851,-0.480040534749,0.192085956347,0.624542186535,-0.201518593098,-0.0693691175923,-0.211545802689,0.0827829319062,0.429316519501,0.104035657957,-0.0976306504078,0.124856528579,0.126607798152,-0.0932459616844,0.215115908044,-0.231540256083,-0.0958912750861,0.139053967501,0.109643900215,0.740100995938,0.603069358438,0.0460298497407,-0.248039867611,-0.26269639088,0.247966247992,0.107586817853,-0.0859141606235,0.134871487232,-0.0296201485228,0.326361193829,0.235013974059,-0.499863787611,-0.357708126084,0.500635499555,-0.424024325927,0.905797840282,0.228110551615,-1.12425360731,-0.836012875762,-0.107827558667,0.0370323676111,0.380558017714,-0.818613210021,-0.618821560199,-0.834968398151
Kia,2,-0.0522720879227,-0.474492184039,-0.309537454023,0.691778660321,-0.304234544958,0.0586035926416,0.390473907306,0.241260287512,0.406942704868,-0.31401610597,-0.113023228678,-0.373053669397,-0.0250348712735,0.39564209984,-0.154101029671,-0.332423841797,0.353805429284,-0.0903946632588,-0.118274791099,0.529619234968,-0.243100832153,0.0123931460094,-0.611117257948,0.139769015506,0.352461344455,0.893630292721,-0.237967181378,-0.451676845958,0.292651917027,0.387337263664,-0.139914882957,-0.560454682022,0.419490462377,-0.00441250068795,0.216133025151,-0.23534026937,-0.461056568823,0.352295230694,-0.109379779375,-0.2166144839,-0.0222724195055,0.529437507424,-0.0483774970911,-0.535388622864,-0.283392376286,-0.881441909859,0.247837217664,-0.0347003652561,-0.530912431058,-0.537298067141,-0.274020397154,-0.277249532981,0.101606620064,0.248860768911,-0.398118025733,-0.11181458379,-0.0372411598569,-0.249064754347,0.179805852925,0.72213757273,0.712241074085,1.19189654526,0.305899695439,-0.677166547555,-0.381352346028,-0.00832283110731,-1.80004794819,0.794027204706,0.166605648296,0.732895624564,-0.621438294462,-1.03469527674,-0.264233484279,-0.442625327786,-2.44471500151
Kia,3,-0.214467858607,-0.557263378635,-0.573481375918,0.182530885661,-0.40967080568,0.167732769662,-0.332317619897,-0.36179658982,-0.391987693955,-0.0985175504535,-0.845466987201,-0.0798227017213,-0.340427802559,0.503958197662,-0.0382293476678,-0.0206372681431,0.537458631299,-0.541425486144,-0.482796835953,0.369949734236,-0.101480802156,0.611753933986,-0.294132211902,-0.229956792653,-0.132850837058,0.225201022943,-0.05265651448,0.0315266910279,0.310038959702,-0.227139290043,-0.880853235772,0.425802564191,0.00656272114601,-0.155944100692,0.280469029246,0.193701151851,-0.162802809981,-0.196002146209,-0.0177636514705,-0.049858848163,0.236113995659,-0.839669753947,0.130839863704,1.08716758556,-0.27624379979,-0.371747799946,0.164207750348,0.434951515206,0.77111511336,-0.15551728566,-0.103779849993,-0.165534187226,-0.264096687248,-0.293262314461,-0.0237877704156,0.0540528100628,0.212102790997,-0.468688868318,0.140917055694,0.314190635313,-0.204954084609,0.74614223693,1.01622699952,-0.428593092418,-0.113923938416,-0.156441100403,-0.253689645204,-0.759113250449,0.0150721601594,-0.589750115026,-0.664910424446,-0.47125646277,-0.0955795638104,-0.00659979002622,-1.99165230346
Toyota,0,1.01613408945,-0.450623337353,0.0907282180493,-0.140653482283,-0.0259647976951,0.118055035245,0.12792232685,0.350323720045,-0.17658294696,-0.0151325308416,-0.0785782393397,-0.189085274518,-0.19880337879,0.144028546772,0.133424840278,0.247732196413,-0.206911183942,-0.0625258987412,-0.0387106605391,0.0523390840093,-0.334255837736,-0.104079887869,0.677792896304,-0.819473175795,-0.552424045087,-0.405038330431,-0.41249164244,0.0368463124033,0.0681353405566,0.227167411321,0.258109123974,-0.152851818099,-0.022811625945,0.239791667324,-0.284377089923,-0.0996146339374,-0.358077075248,-0.110768776793,0.657356486937,-0.296411421571,0.105874342141,-0.0401112319645,-0.318575221879,0.0391027933479,0.0252957843773,0.311400015558,-0.0827456625225,0.317074943721,-0.00498403595268,-0.564204388831,0.0656979182685,-0.000496047613038,0.00842847201076,-0.163408173261,0.063000076625,0.0682855929938,0.295089192921,-0.025350292222,-0.239653993398,-0.405752127024,-0.34267216059,-0.253137647705,-0.172513004411,0.412264206701,1.10635288144,-0.174723864346,-0.441483538759,0.107860300929,0.206694292759,-0.321277140935,-0.00761079901406,0.157523437533,0.0697067502175,0.161925913774,3.33756577068
Toyota,1,-0.910858186193,0.513920258905,-0.0767491838406,0.141862702007,-0.0589253480331,-0.0392930668853,-0.0338403926729,-0.300547015437,0.24314777852,0.0363377560559,0.0180604962897,0.183516021106,0.158929027272,-0.117067773281,-0.088663168947,-0.196771685207,0.153990862978,0.0714241155703,0.0321292363124,-0.127677372698,0.34057641754,0.108148930448,-0.565243257989,0.407233271057,0.582752782734,0.433546543633,0.263988245524,0.0228250157717,-0.134736823597,-0.279607932476,-0.304694766278,0.169723428672,0.0528722821245,-0.15486736892,0.183354059806,0.12746837235,0.396428110507,0.0742900758037,-0.542065947779,0.271935507567,-0.0919528934392,-0.0453634564909,0.246092566724,-0.056335481693,0.148701774992,-0.254231581698,-0.0271569541307,-0.288420926837,-0.222460606116,0.538987002986,-0.228141904176,-0.0243610449438,-0.0860818860818,0.116920937056,0.0267302171605,-0.05916688182,-0.30366004989,0.058177256085,0.248420740676,0.372407683309,0.20527231669,-0.140765386441,-0.170818617927,-0.129398673903,-0.951707528384,0.19636414093,0.186098136181,-0.500606016119,-0.281891575695,0.0598911881444,0.00328499033353,-0.0359719396184,-0.123236991382,-0.153601984338,-1.08154011424
Toyota,2,-0.694395424886,-0.574428301638,-0.0187685450669,0.164637505309,0.429710818891,-0.482007028824,-0.476577119379,-0.293453492927,-0.442241797381,-0.333402482846,0.651080012591,-0.0211778985385,0.00741988606812,-0.0959299395814,-0.296607647208,-0.0594691819842,0.493695818021,-0.0980720807403,0.0469097059576,0.156269354726,-0.195058311985,-0.1170203423,-0.693218079207,0.136688821279,0.123416467727,-0.254903572585,0.406831430825,-0.260017109946,-0.112674162831,0.164672495116,0.175674900642,-0.129765460846,0.0440228752652,0.0471805335491,0.324670885283,-0.169326656096,0.0230460303178,-0.145299799544,-0.446523538105,0.392372505073,-0.0521345372528,0.381844201373,0.270780503816,-0.0820034730003,-0.997664401026,-0.53985024423,0.236181600831,-0.179173111639,0.456178500603,0.161636978148,0.698372413572,0.141690964213,0.0496674182696,0.268208342484,-0.290288768275,-0.134712276991,-0.209786597381,-0.0139808665418,0.024031609247,0.295954751574,0.432325339648,0.865719209867,0.584969338235,-0.309348682595,-0.200514504362,-0.535149432293,0.522145346955,0.307923275936,-0.363441728633,1.00572448102,-0.67401446704,-0.434965601645,0.266658574788,-0.437946283963,-4.23845221235
Toyota,3,0.114701804168,-0.436912921201,-0.301926842441,-0.453279879832,0.504731037182,-0.486216234744,-0.515371473899,-0.504814685474,-0.550820207752,0.556415923003,-0.839881768708,-0.784097296962,0.72477929508,-0.313233222372,0.27720250911,-0.597051050931,-0.692895501886,-0.307016932718,-0.162341073349,0.425411563317,-0.402588305714,-0.017565073268,-0.243900575239,-0.157249621984,-0.180289447534,0.400860713117,0.613115633778,-0.992590781897,0.745307182411,0.00233882247984,0.834379282641,-0.390486371135,-0.440301339517,-0.138949721504,0.810505297815,-0.632719340478,-0.152615788023,0.477672489624,-0.186814856737,-0.262454266005,0.000990482688262,-0.213065056711,0.605717728161,0.226403499902,-0.321973526462,0.268295496353,0.709329012403,-0.237868714211,-0.100622597257,-0.588589023381,-0.253208971468,0.281111425408,0.475788723235,-0.120377183338,-1.10405708562,0.625991749151,0.719439373349,-0.0690497726632,-1.1390534204,-0.103190923196,0.138362982764,0.938465944951,1.43654921189,-0.137287843418,-0.849104960352,0.019494308842,-0.971398011291,0.185759391508,-0.0683252361359,-0.88246323495,0.0119847551226,-0.30977141442,-0.694934412832,-0.272424101595,-2.37012150789
Hyundai,0,0.925174435828,-0.252557842049,-0.0402833378543,-0.439951238626,0.310470821982,-0.389174066852,-0.276689964603,0.0364373193833,-0.133104822991,0.16421189622,-0.412321491666,-0.0553312251158,-0.091900102505,-0.0631525895614,0.501360650109,-0.110745254393,-0.384641460451,-0.278197879135,0.192073370915,0.305647134117,0.382546942914,-0.0335865708996,0.653375347248,0.431942733122,-0.181777115992,-0.889795444313,-0.82199756785,-0.236320495812,0.188853429043,-0.452898596381,0.422453770046,0.104385398025,-0.324971013208,0.337200312163,-0.30104514109,-0.0595326051605,-0.27465948295,0.164902295699,0.566190810489,-1.00591114096,0.0295018262829,0.240618234303,0.0469909528718,0.0257217332531,-0.687832737923,0.428959217794,-0.0536135293554,-0.18687743521,0.613250652477,0.739023692716,0.171131263146,0.200916469055,0.0933111564573,-0.273745704474,0.0942747329897,-0.225166068984,0.0241574210288,0.160255094113,-0.0468298806586,-0.417738550935,-0.553812884384,-0.173474286525,-0.10806358535,0.309207064026,-0.154547559336,-0.265575604717,0.334829499799,1.09914525726,0.19153142785,0.110506254859,-0.240212831101,0.33067729622,0.600549660149,0.716031583638,2.47610180103
Hyundai,1,-0.719758028064,0.281574109749,-0.00421006286204,0.428722747054,-0.470272766735,0.311084678763,0.161356225429,-0.189957671787,0.167798532573,-0.136410816342,0.36124754651,0.137016366302,0.17512446008,0.0715773590778,-0.428683684542,0.0827709503528,0.315155617533,0.243172253412,-0.131007430157,-0.373028339277,-0.311565650121,0.107172348486,-0.56284137124,-0.321585045741,0.314769078023,0.169504194898,0.599147845056,0.148727714973,-0.321994061192,-0.403278016605,-0.457390632341,-0.0181115491402,-0.00571495121407,-0.265310616089,0.388790557763,0.085597927024,0.344596389947,-0.0459035222531,-0.484539023671,0.305872935059,0.0709125697643,-0.18160260463,-0.196168796179,0.200429120987,0.669488809687,-0.483675188062,0.0629605363589,0.336766467087,-0.432541242193,-0.591360114188,-0.333830889306,-0.0779498061453,-0.510469525301,0.265357591865,-0.0146991495478,0.259201089729,-0.0305661214399,0.106663809857,-0.0669312819772,0.313283106831,0.114161516595,-0.104491025273,-0.190374273297,-0.0698770486021,0.120795993337,0.306584489945,-0.517825140492,-1.04962007786,-0.240703167538,-0.613667876223,0.0317486326101,0.0456718234066,-0.496854434812,-0.534136322336,-0.0988027444496
Hyundai,2,-0.423252187747,-0.416629448753,0.272238010186,0.0429048849251,0.565238283898,0.243735670656,0.296390872003,0.247773325216,-0.282047274777,-0.44897543455,0.367981024454,-0.382300064645,-0.248116015873,0.0529123440024,0.0360631154151,0.183601259835,0.461283851771,0.154411670365,0.00537999343532,0.422739391002,-0.299965618038,-0.298731482868,-0.101884334903,-0.0846512221322,-0.230067902004,1.61020431739,0.573727246562,0.6560423788,0.192215286631,0.965498377189,-0.0649384921856,-0.331274102055,1.25875536842,-0.151127925391,-1.16581333802,-0.222227470007,-0.144226103512,-0.115652781398,-0.127589113266,0.518756544181,-0.570849047067,-0.453334070167,0.509574466046,-0.965543493121,-0.527624318664,-0.374031171137,-0.376517055259,-1.34269882007,-0.275791200262,-0.351170375571,0.0435410231411,-0.343068969772,0.897245664874,-0.0103491909501,0.0188780026206,-0.459993877748,0.0133370100302,-0.598581606791,0.377188739405,0.463944387538,0.842731251744,0.491268242385,0.636988257606,0.0465228459453,-0.363141718298,0.334619317794,0.0279132984945,-0.496566761561,-0.5040110627,0.0974027921532,-0.362966160174,-0.797535338306,0.142366362173,-0.682450055074,-2.60452621608
Hyundai,3,-0.123696896413,-0.0784027944167,-0.0847324087035,0.0595378207039,0.362250027678,-0.303045267772,-0.330561814856,0.741742707468,0.458880651049,0.542333055486,-0.748730518552,-0.250590650434,-0.373990833724,-0.654713726246,-0.436115247097,-0.793207314018,-0.514566276411,0.494284315165,-0.626925157889,-0.249305348916,-0.11600224652,0.072309480634,-0.855083324854,-0.0477418008488,-0.201268280922,-0.111044020002,-0.0804048285011,-0.589190941851,1.03712004994,0.657338825988,0.485210457463,-0.178896006206,-0.41981986231,-0.0509104108958,0.0746924725241,0.31331910543,-0.118867623828,-0.289369217333,-0.070825802119,-0.229118199281,-0.37958720012,-0.0192917532818,-0.351624770691,-0.322669270467,0.583169657069,0.394253467066,0.649767083823,-0.491586415543,-0.0171795531075,-0.0307613871287,0.598170568111,-0.120463627083,0.369008404674,-0.455868821325,-0.402173259215,0.694924230779,0.623569393477,-0.761293989875,0.29253774702,0.0212112788046,0.158478858553,0.135153266731,-0.0117674524975,-0.658816066688,-0.481144498206,-0.652021865009,-0.161805103422,-0.0283855108061,0.137019281278,0.236392179702,-0.0963925935309,-0.949473205829,-0.734721380491,-0.696181431435,-1.99123979432
Buick,0,0.857386133617,-0.51038363002,-0.0351013051417,0.209833247722,-0.282259702964,-0.155481220344,-0.0369572108814,0.221860543529,0.201810302642,-0.0347477030453,0.0521187557958,-0.112318781834,-0.196680702239,-0.0913758732653,0.285094425526,-0.0932147494226,-0.331841481456,0.414079315076,0.0855025991681,0.417882109084,-0.0779163382463,-0.11518812765,0.852315562912,-0.540365752487,-0.292808054201,0.205462547658,0.189609523155,0.0899132814135,0.00184418590591,-0.906599874637,0.302407228193,0.00608477213258,-0.225954873483,-0.604671295573,0.243352347368,-0.0328550157637,-0.248855579789,-0.231374748188,-0.35103666071,0.549385954812,0.233981667272,-0.369637262922,-0.376518072857,0.306470152353,0.304691549829,-0.271637902204,-0.86179387479,0.252277578325,-0.675994948825,0.312436545798,-0.554006412086,0.107671739501,0.476170008789,0.00778976699567,-0.0500478837189,-0.525266069869,-0.226727335437,0.0366732052249,0.334619309154,-0.372354097922,-0.434450862365,-0.474110290014,-0.290552992293,0.43355652315,0.676936272212,0.16825173883,-0.0617756385145,0.765103889301,-0.271646103658,0.509203214489,-0.628754140883,1.034326047,0.651102702923,0.812329218978,1.88812175842
Buick,1,-0.641284669298,0.435263283761,-0.018853916976,-0.146660103974,0.350344301653,0.229910233513,-0.00257774797886,-0.159145983427,-0.224001413489,0.0530605159506,0.0185489440799,0.0783115640861,0.118868043639,0.141558794294,-0.230447618039,0.000778004096815,0.297480420306,-0.306727752171,0.0230945674017,-0.50827969846,0.0878780510606,0.16470863678,-0.677775032932,0.570141481185,-0.238553472391,-0.123101312147,-0.118523646256,-0.073712489001,-0.168673075322,0.188645281228,-0.286398080322,-0.0606499535284,0.369822899449,0.309804584411,-0.403211927079,0.135655800384,-0.215121650509,0.196472252832,0.499767167419,-0.209514232701,-0.241827383032,0.409989240044,0.125234926274,-0.150347146266,-0.104705939827,0.376718948555,0.411136305091,-0.150988543442,0.875939050083,-0.31431871639,0.5603026008,-0.00788433809745,-0.399956704639,0.0155516276054,0.0777153496874,0.348141303987,0.200423088495,-0.0732453759036,-0.420450488611,0.307838840246,0.0468702783642,-0.179192780669,0.00164711891067,0.0878434362119,-0.32803366614,0.35494780865,0.0106669562327,-0.269958754156,-0.058477355357,-0.989842152406,-0.12329061729,-0.944357879403,-0.867267578698,-0.552686676678,0.661275210784
Buick,2,-0.396510864675,0.215784060988,0.310220551312,-0.863777790728,0.0215073152816,-0.298383983719,-0.286515476409,-0.481342953103,0.218995483736,0.0169264274307,-0.340537423723,-0.0113463015403,0.384834077483,-0.20094932183,-0.0229424156825,0.184599014607,-0.0103719731703,-0.44009755746,-1.02851240944,0.218372096241,0.191454446726,-0.0442617731604,-0.512380949554,-0.566458622107,0.662055526687,-0.219419152409,-0.0593300361967,0.0957223888519,0.317288687523,0.271674542738,-0.041230568939,0.043088034618,-0.43621561462,0.391840806249,0.587775611943,-0.602226337943,0.904493947711,0.124725344891,-0.10028871856,-0.462421610575,0.0671411489463,-0.391589477532,0.573449506827,-1.22174659115,-0.218874463846,-0.858501094933,0.491311954115,-0.608790905443,-0.206540036819,0.187134990858,0.178068721226,-0.302808709476,-0.0062301308078,0.124466067693,-0.0643397214336,0.167628882319,0.0486320029912,0.238243302563,-0.141538612437,0.278743522573,0.80336992764,0.732773096152,0.428093994257,-1.25504230595,-1.20031178774,-0.768568254245,-0.096284836165,-0.964888339405,0.391895838616,0.656396321559,0.862231033051,-0.61551937469,0.229920770819,-1.13752296149,-2.7979653097
Buick,3,-0.101859578556,-0.870603770784,-0.460189436033,0.475016716962,-0.464277982987,-0.640583745303,0.392002862182,0.739865605278,0.38478765693,-0.317879748664,-0.155649506687,0.546239875754,-0.416485924762,-0.2024405545,0.363735414949,0.192159724417,0.220082589079,-0.0111607720653,0.213892219824,0.559657951276,-0.448100893204,-0.1270200952,-0.644567170928,0.538609421811,-0.055108595835,-0.0182724387965,-0.00908782864947,-0.0305425544607,1.50467552658,0.842802672939,0.0100916806004,0.477655495976,-0.319067817697,-0.0531248050832,0.59159532962,-0.345336466899,-0.0620979935059,-0.20843464528,-0.059152831547,-0.0922689712724,-0.606431599024,0.0392918133981,0.655405853737,0.707256701545,-0.329130116559,0.199079249813,0.920699612203,-0.02553864288,-0.465726475554,-0.0998972225116,-0.0677007287202,0.144535371679,0.102304736441,-0.298323451691,0.104149014992,-0.172341410694,-0.473185408573,-0.0194016375427,1.35609145587,-0.203584449041,0.219791247253,1.41946249056,0.53110390961,-0.157782183628,-0.586151787618,-1.05632138327,0.0678451754241,-0.435437597042,-0.61405947418,-0.215277213419,-0.589771254795,0.0281554834965,-0.0420054200112,0.0472265880844,-2.09813189434
Mazda,0,0.926451450122,0.00976732398222,0.0676088721151,-0.0429046181638,-0.271212445421,-0.0107987817239,-0.122613292289,0.406624073891,-0.216515943459,0.232960920563,-0.239322971303,0.195765196443,-0.0295546945211,0.24760120333,0.344581175062,0.0777097303369,-0.142610476006,0.126034064982,-0.0421226331977,0.267980730741,-0.313988917414,0.453514591571,1.02604110826,-0.45386684254,-0.357478642054,-0.284236044445,-0.788936018646,0.127540549581,0.504907081328,0.28991001296,0.323520199045,-0.211104279353,-0.675411165762,-0.281066834386,-0.339979423798,-0.0834340864692,-0.355101829527,-0.216542754375,0.0244977072828,-0.35383449828,0.110752208803,0.151682569924,-0.417814485823,0.257889152199,0.0380761878856,0.403287462447,-0.0999426459299,-0.0227692122134,0.145771593844,-0.289167943911,-0.252408057887,0.005845462148,0.202873765602,-0.0747598275688,0.0298248083766,-0.160779917903,0.253458107749,-0.129876277747,0.0370625394634,-0.410828329427,-0.575187709807,-0.483921749118,0.114593344017,-0.116744321314,0.118875639984,0.0753625759781,0.157844485318,0.512515335467,-0.6588441035,-0.433185519586,-0.170372538215,1.28140552039,0.467878409196,0.325639403851,1.5042600271
Mazda,1,-0.64304034847,0.056200403662,-0.14940339308,0.0416058895732,0.252372017036,0.0569051290951,0.0134807481722,-0.293878448231,0.263251193349,-0.143502690488,0.264495516523,-0.0742433273886,-0.0371296788169,-0.27248837841,-0.326704808731,0.140032048228,0.0410347263377,0.0379462324317,-0.0448477112535,-0.129773343996,0.331827556184,-0.351911510499,-0.753367862314,-0.647687560414,0.441376659578,0.0752701805166,0.398150291155,-0.206503600004,-0.649075724587,-0.263108534782,-0.311385115224,0.0915806367607,0.230100928835,-0.198109780482,0.252174030555,0.27119038164,0.624172504353,0.31414218519,0.252797009634,0.305468707589,-0.0273538750472,-0.0641716077082,0.311612712922,-0.244921901454,-0.0124063733617,-0.25548711874,-0.0597692448309,0.0479930858696,-0.444443488983,0.263149686983,0.459492422442,-0.0906573761375,-0.200940940028,0.00606483466753,0.106963408216,-0.0470426092963,-0.0456950941611,0.254610551736,-0.0795733422135,0.242692494738,0.0932320544412,-0.261743758367,-0.127264612264,0.118544016057,-0.197221328262,0.358715402884,-0.123363065199,-1.0639447164,0.3567123076,0.169321372771,-0.300687526763,-0.876685519472,-0.317633087984,-0.167465561333,0.478168830008
Mazda,2,-0.406780217111,-0.180804909073,0.322459054602,-0.067357324862,0.0399521362609,-0.262538360729,0.41426629227,-0.66453137507,-0.233075632161,-0.214667651064,-0.451922705752,-0.535652903529,0.133022554894,-0.0435200308625,-0.197670582457,-0.924787202759,0.279106721272,-0.795084597612,0.183627691277,-0.20538467439,-0.323406970203,-0.264150899366,-1.01448595036,1.20758486001,-0.0968124706897,0.497639396992,0.668219530735,0.334832920723,0.474237623382,0.0205044577036,-0.138557494022,0.295740668359,0.65435695555,0.702298708112,0.348452829535,-0.870949445089,-0.425656096647,-0.111838166949,-0.33010243789,-0.460668340575,-0.237011140521,-0.147528091098,-0.174228682793,0.264981791191,0.058951688966,-0.509212263612,0.0516311857415,-0.167020437278,0.898053706577,0.220488885243,-0.506666772698,0.129722013484,0.0370948335372,0.123517478612,-0.260290669467,0.39354651172,-0.431966001054,-0.282541731042,0.0121364527714,0.544486557426,0.876245375455,0.957122577358,0.0670930850301,-0.139188413578,-0.0922799020051,-0.727605645075,-0.0386078458455,1.30734312433,0.425249092222,0.156274342993,0.228161987957,-0.497358645117,-0.489978969176,-0.88926742048,-2.29542193772
Mazda,3,-0.11480385077,-0.894164430065,0.241424161591,-0.46553397128,-0.488805402022,-0.225569500194,-0.311239272624,-0.434994770497,-0.557949696224,-0.445903216355,0.128679899355,-0.575975848122,0.0506030525718,0.714816983852,0.148828848436,-0.544795587615,0.0385807394315,-0.152832722286,0.131419101432,-0.160909362476,-0.582245364315,-0.387446046268,0.109880516515,0.710545101197,-0.103730357301,-0.0591846418227,-0.024928102332,-0.446163808306,0.683200885772,-0.276027209053,0.731625191138,0.37134613407,0.626346605351,0.640971251744,0.255432591421,-0.426502890129,-0.0365788408703,-0.242915445123,-0.0462865548653,0.158025525917,-0.602925491031,-0.518373138006,0.290237562237,-0.293411978424,-0.0755414436171,0.188202052716,0.280242037235,-0.239046333819,-0.107842185034,-0.0323426038575,-0.0366525839048,0.188811768633,-0.243831599719,0.239870344579,-0.577652202006,0.520641869985,-0.064473665923,-0.463481629976,0.226373966771,-0.593146359766,0.102179075548,1.71252603423,0.390032464274,0.164374076712,-0.570859585109,-0.264419682942,-0.723191825138,-0.592846191371,-0.475713057129,-0.340176163327,-0.424584742614,-0.230563921398,-0.196589410674,0.0153982953111,-1.64406233578
Nissan,0,1.27171674555,-0.290710478862,0.126543702298,-0.0178959752889,-0.188623490395,0.0180633414528,0.205583700428,0.0644068245923,-0.0778053045055,0.127745463343,-0.215570749029,-0.194012875823,-0.158714012297,0.0675188956146,0.12088337263,0.146325796046,-0.223350805564,0.212760698511,-0.0364236332543,-0.392985300409,0.121968745094,0.218131103454,0.761572364106,-0.91400939973,0.236727074806,0.222692897787,-0.420102688428,0.445604428005,-0.0597203376664,-0.195665007493,0.320831980761,-0.151842174915,-0.2687655937,-0.270773001013,0.133774141274,0.139220432217,-0.12856798325,0.0128922862538,-0.246515979645,0.0968829013502,0.130360307058,-0.442731662015,-0.557042148954,-0.285259678638,-0.219685395137,-0.0824550278785,-0.453924609447,0.252124756822,-0.476492389866,-0.466397216368,0.463871291493,0.0239937304313,-0.160696787891,-0.0340051884562,0.0536624621891,-0.320633723131,0.190528657193,0.288111442944,0.026226954111,-0.503071677914,-0.503277971929,-0.527328996028,-0.0452955238666,0.0509451831556,1.15692739082,-0.765118561505,0.557860006812,0.463241491818,-0.547254743892,-0.522039593259,0.125753892274,-0.36341242565,0.804263296546,0.146087704812,2.85734851713
Nissan,1,-0.988957868771,0.288066449371,-0.100652629271,0.0619059012083,0.228758563203,-0.0738089251195,-0.285852916189,-0.0443970034227,0.0612826076632,-0.193945829727,0.271113779888,0.170397809155,0.19710199971,-0.0230195283813,-0.0871625664747,-0.160383988345,0.182085853885,-0.14520662386,0.071133367911,0.382490000063,-0.0930233262934,-0.0773734471301,-0.571277421274,-0.0128238252537,-0.799709256417,-0.0795155038613,0.69026886313,-0.355810626121,-0.32946320901,0.136138817825,-0.268265461432,0.0280545981439,0.33580220398,0.255031996146,-0.234419982695,-0.192066316997,0.000819204522083,-0.105061645605,0.355216781402,0.0985739578671,-0.122382878667,0.509127034827,0.210119170207,0.352988330334,0.400184621074,0.136426538433,0.14163755841,-0.0942411314495,-0.0960987743716,0.682107288103,-0.235858676327,0.0384277188543,0.145796016324,-0.027267745765,0.0201774298416,0.209095131494,-0.0829676648964,-0.292166539497,-0.118248806177,0.332936874026,0.105910297436,-0.0559681038602,-0.249675927461,0.414934823053,-0.457928648182,0.0936396830077,-1.15021181781,-0.774328106168,0.697196356814,0.216990018159,0.0291136574471,0.077594689553,-0.532439237535,-0.401328694472,0.346216362155
Nissan,2,-1.08300763211,0.0325704449864,-0.093376247143,-0.404369788659,-0.0374580117228,0.249694137788,0.304515160028,-0.0142974983451,-0.104596984236,0.286981937085,-0.357113496143,0.014069391324,-0.160739433632,-0.0263375637903,-0.0467252192941,-0.0946664427037,0.169323035968,-0.38461553932,-0.125082565013,-0.169296166737,-0.17109917973,-0.622199113344,-0.445806486473,1.05433999595,0.536047137976,0.0899247614588,-0.692008908143,-0.0815488598904,0.573307759748,-0.186393809986,-0.0744817577176,0.283096824843,-0.153368949566,0.130812895314,0.425738833427,0.0806597080385,0.314258009665,0.620312713163,-0.35853966288,-0.343763582109,-0.265382953141,-0.401636527703,0.680482607599,-0.664095444501,-0.420292333489,-0.44315382905,0.456285629547,-0.494653425912,0.729033572675,-0.375848299717,-0.354251942827,-0.104798820893,-0.0580352272649,0.0821122997397,-0.163149442342,0.0707304697509,-0.269076820447,0.191882273786,0.084628375982,0.655320571277,0.633567010428,0.505679418591,0.372781339001,-0.602688366656,-1.02863680059,0.648105668136,0.433244228582,0.519617720235,-0.752652201164,0.257997261895,-0.161506398856,0.381584627431,-0.144194018155,0.408052652712,-3.95517496316
Nissan,3,-0.362747544084,-0.931509091371,0.0951158091335,0.397823161211,-0.486837838272,0.169173748198,0.574111360348,-0.408819994876,-0.0322249435852,-0.0749681188301,0.000652346717173,-0.037070049236,-0.147326620227,-0.845171352213,-0.113036697681,0.438897575504,-0.656179806624,0.375926606872,-0.210975376391,0.13978447852,-0.0124634075117,-0.0961029028765,-0.253530028987,-0.169816779544,-0.0881064264792,-0.27145419609,-0.217068250231,-0.733261094726,1.23047792858,0.694723318763,-0.767558661759,-0.00508419292265,-0.512667809189,-0.115420516404,0.48636745289,-0.478220540891,-0.0318479262732,-0.416368086926,-0.0944180081394,-0.310965274302,-0.068401783494,0.194298504906,-0.188212784817,0.161860085528,-0.282193495037,0.487392739788,0.0121261943029,-0.469613255069,-0.0883531587966,-0.0291529199312,-0.206069210977,-0.108461738203,-0.015290243778,0.0194466991864,0.131111010434,0.117426982251,0.0132032713711,0.0618138586504,0.208349786321,-0.25719331603,0.615521487615,1.53132480504,0.964282422999,-0.769773797496,-0.914163498157,0.0853545286282,0.148661414525,-0.260992944774,0.060809954781,0.657378561664,-0.579988699869,-0.382362245086,-0.417976541843,0.985893161111,-3.18763242713
Dodge,0,0.911784021906,-0.400046211679,-0.355486332657,0.104455368562,0.0514440998919,-0.380695367481,0.133644728973,0.239042884686,0.380633519535,-0.273919858942,-0.331087682869,-0.197866235063,-0.0553095016407,-0.54603115346,-0.149675916418,0.35563406626,-0.123652724969,0.0207071231009,0.25780441728,0.0809387221259,0.432106949203,-0.0898264028575,0.542853850216,0.625568560985,0.268018706383,-0.355404528858,0.519061235004,0.0233640182769,-0.544206314321,0.203581942024,0.538952474769,-0.137821069764,-0.0550195102876,-0.0477013603334,-0.0363954404264,-0.0289932448716,0.969845785543,-0.26496605378,-0.39308081229,-0.15411977248,0.11931040751,-0.467991495744,-0.54665211415,0.0632125198861,0.418526136314,0.299564169483,-0.133421603179,-0.0235219188866,-0.348420141873,-0.139677223638,0.189610948391,-0.0923000696488,0.0777299812126,-0.0382930529651,-0.0617625029429,0.0722155640291,-0.0208957823953,0.0523548329443,-0.11650044221,-0.215650810612,-0.339873292037,-0.404820754701,0.223923601633,-0.301790833103,0.35603056607,-0.364182851088,-0.076259839852,-0.442087852639,0.502488053366,-0.325840535867,0.362326425691,0.617293947534,0.545926655302,1.24428694311,3.22098006433
Dodge,1,-0.818697412685,0.44466284316,0.252380400765,-0.100957600866,-0.275957916557,0.391850379534,-0.136698832559,-0.247720509648,-0.125739466102,0.221039097592,0.449169461643,0.251606375145,0.0726014794354,0.410265441738,0.244437143032,-0.295859116252,0.0726068092556,0.0395003979456,-0.232930628052,-0.218396096597,-0.347331466229,-0.0798028879373,-0.371835692329,-0.806534929302,0.177458933343,-0.289533191396,-0.24607533253,0.0599969244663,0.0175159225994,-0.216675413504,-0.658206456292,0.0871927476797,-0.0931998623924,-0.22553325361,-0.0467865653824,0.052009681624,-0.881192073192,0.244851052953,0.368024698849,0.457016535169,-0.0621360604852,0.436302139456,0.54214569051,-0.0928565290021,-0.279057325641,-0.172777383061,0.0681421999788,0.07557019216,0.105553932333,0.0661948695354,-0.209199090931,0.0801859080432,-0.0905228810417,0.254857480888,0.0758714742815,-0.0584781284839,-0.125655295015,-0.0682296642582,0.0623666611463,0.151243584578,0.031970404337,-0.32829717334,-0.531046635663,0.537356992722,-0.437275733941,0.867704736263,0.125793489403,0.190315281984,0.0988825831108,-0.328843472736,-0.966769911109,-0.375505917782,-0.716738434009,-0.922958115183,-0.470511426091
Dodge,2,-0.150749697203,-0.35529741236,0.247593271132,-0.00488454539106,0.708107141905,-0.0868522629488,-0.0552670993522,0.503942566507,-0.443420462816,0.00459618003837,-0.625576591315,-0.457415805479,0.0431132857963,0.226806422161,-0.509866106197,-0.0545959977702,0.275086405054,0.202933264465,-0.360255261337,0.384255257302,-0.252135434219,0.478268755596,-0.605357631058,0.29285387432,-0.452676658464,1.20652272422,-0.202430291688,-0.224393229756,0.40876254982,0.244336286689,0.424333927845,0.245793062271,0.331338068184,0.615210042664,0.202816242306,0.138409980172,0.171131623901,0.0852390751459,-0.0244494257223,-0.358988254225,-0.141265109009,0.0269767184894,-0.0272116996895,-0.830461168324,-0.231964925739,-0.570375145159,-0.160587050568,-0.273616211201,0.461226565885,-0.0530388460618,0.117987299704,-0.171590489715,0.174651600344,-0.0242704834522,0.0880421134947,-0.362321814742,0.0217938096579,-0.125963374449,-0.11720812798,0.610728527548,0.215793550294,1.03530088949,0.796658534589,-0.699133450572,0.391136013241,-0.96577982807,-0.87492354468,-0.434857896538,-0.848381483932,0.432422284226,0.679229109623,-0.300304065651,1.12914153908,-1.3342729035,-3.03163623226
Dodge,3,-0.226400790364,-0.209129551637,-0.257508296559,0.146427490119,0.632680057971,-0.213439524875,0.441489686416,-0.192426718011,0.00339952988346,0.141222180651,-0.273274512463,-0.0762387880444,-0.341071839918,0.335091525743,0.142341271893,-0.0836213244229,-0.278508716504,-0.842652394146,0.806778567745,0.163394183519,-0.281636052848,0.179611508782,-0.409466512144,-0.114116438435,-0.177943739993,-0.175521898474,-0.0408157010187,-0.312073972421,1.09879279026,-0.338295461797,0.179214546945,-0.732037871535,-0.0988402314336,-0.0638277166932,-0.474828867151,-0.690826969566,-0.0596193825378,-0.10750902883,-0.00150875911763,-0.111921643823,0.0916740530385,-0.308472527597,-0.338291714821,1.37789562812,-0.413979761439,-0.35038701151,0.231963124868,-0.479923153956,-0.332305206958,-0.143964148308,-0.243996032324,0.467925652913,-0.345044098689,-1.02897785799,-0.109889290316,0.662609989415,0.0337976748092,0.19681697439,-0.420419561821,-0.304907829499,0.980977374487,1.24582133211,0.13555182762,0.346972441937,-0.96088029926,-0.0917318587184,0.159923419028,-0.366687336079,-0.517055572259,0.219808358095,-0.0523067073282,-0.761984340849,-0.588972774432,-0.288072783338,-1.1363895993
GMC,0,0.82216400882,-0.412092148592,-0.146217720162,-0.0682883752361,0.196826656421,-0.347111221836,-0.0865520846606,0.390074372009,-0.0826009995113,0.374585129846,-0.105098700633,0.0661629573588,-0.0818739573292,-0.756724712531,0.358536228314,-0.104648423773,-0.28437070222,0.0756826841655,0.36938740124,-0.310568605056,-0.413271790771,-0.0578491087161,0.619124151055,-0.614474606998,0.535429588751,-0.317365269488,-0.960327889795,0.0943104459675,0.253897140196,-0.57397781382,-0.0546958181466,-0.406361851329,-0.164460141329,0.655998481988,-0.166515506492,-0.0622469781238,0.911743591197,-1.05428344992,0.556786687513,-0.530315865247,0.0665326658585,0.392801524812,0.29352128884,0.56846438253,0.394985991215,0.139259564635,-0.569439919441,-0.130047501453,-1.07364227069,0.0361357716931,-0.589795058294,0.14075239531,0.110324680759,-0.198360859526,0.0567864908758,-0.0220339608564,-0.0301257220983,0.176201984034,-0.0800957064925,-0.56784086336,-0.416009292451,-0.58937557939,-0.222401243004,0.61788426933,0.760641287107,1.02011055647,-0.686301799412,0.683121978978,-0.076706383032,-1.10030210286,-0.040675905234,1.03072314288,-0.415464108075,0.155787719622,1.04073610593
GMC,1,-0.670537984816,0.240313568219,0.0105289496091,-0.177829337478,-0.174375975563,0.187304688942,0.285114666068,-0.634756484674,-0.119331017961,-0.245519911668,0.0672658359582,-0.00837426762581,0.202845228049,0.595437459564,-0.237043025625,-0.0460063976772,0.309166095852,-0.155194160854,-0.315479523974,0.101257463197,0.316855290757,0.05998350046,-0.455191107668,0.511995827863,-1.16371159855,0.547296783638,0.212506992803,-0.0433943966474,-0.236563300333,0.374806108945,0.0310331549112,-0.153705497895,-0.263157234813,-0.184181159663,0.0727703437255,0.175851954455,-0.785037378871,0.490462681861,-0.586769214407,0.615208006929,-0.0372517432774,-0.374799389746,-0.457004481152,-0.42189429719,-0.264248476498,0.149166219187,0.194394838865,0.275718021788,0.271721583157,-0.321857005236,-0.0770140136264,-0.148499054347,0.144425982458,0.130642141744,-0.045619491674,-0.0124295030355,-0.0446781428283,-0.145881893102,-0.00876504722276,0.473865877199,0.214362956157,-0.292078227546,-0.0246525322361,-0.247933706112,-0.785615810951,-1.06996443369,0.118649466056,-0.595150125269,0.0519290578892,0.880353104123,0.238592073792,-0.994821744068,0.468318422616,-0.227193519615,0.570897787919
GMC,2,-0.285428626529,0.489505804577,0.578108129566,0.472230743144,0.108085417307,0.351916017404,-0.886508584564,0.800472090187,0.601816305513,-0.398993782246,0.102411105212,0.0776188048549,-0.467694003746,0.0194923838546,-0.225029827057,0.552227133785,-0.23306009986,0.226095482616,-0.136073820052,0.553253875617,0.376064698714,-0.141084008131,-0.784007674988,-0.421381619974,1.02560557069,-0.370524974269,1.12227629812,-0.218215799009,-0.508488632136,0.338772970355,-0.048721361643,0.836533088572,1.17347651872,-0.407010596271,0.565862244666,-0.211598572743,-0.133620549094,0.739096468265,-0.0123816528435,-0.600017760216,0.0846175074162,0.197185031748,0.184521056079,-1.58664877028,-0.24415143791,-1.40641089942,0.307020681958,-0.515964842279,0.822106690693,0.538343226279,0.974264031147,0.0282944040046,-0.624989173372,0.288747786352,0.0167356613691,-0.28671414279,0.391784628625,-0.212204543884,0.366039222723,0.298773650641,0.551967772409,1.24203972612,0.321087264917,-0.148592874455,-0.36181176918,0.106355721746,0.121354753149,-0.353752488101,-0.0223699998816,0.0457085765802,-0.462850648602,-0.00527211384839,-0.317123768976,0.527133814456,-1.9162900854
GMC,3,-0.097169556467,-0.468217028706,-0.31474299278,0.597245386879,-0.280055276062,0.118332816081,-0.308503997086,-0.203433538147,-0.188143455921,-0.492934299718,-0.232349999997,-0.500826673916,-0.710182800492,0.205814497238,-0.597757741889,0.149949879949,-0.317167196232,0.0777095183468,-0.260637367995,-0.114791352558,-0.378806926111,-0.246653188372,-0.385445897645,0.629791188846,-0.0829154150478,-0.0885339491716,-0.038645622204,-0.152177288689,0.910857223319,-0.201480353319,0.34135540004,1.68119413108,-0.281821832192,-0.0453850636714,-0.535558875021,0.245507738148,-0.0082168340468,-0.159590745262,-0.0136193487492,0.548486093289,0.167441293452,-0.27807149331,0.800666952538,1.22417547259,0.188398190132,-0.000985624371926,0.617001546993,-0.0227642557894,-0.0941842949841,-0.0547944218321,0.747020679009,0.383254078644,0.34844702043,-0.823148136184,0.18138267485,0.50829168785,-0.690018595477,0.47009642328,-0.233246602083,0.261153321,-0.0046002888295,1.32241650897,0.166194104643,-0.165315631172,-0.34739251763,-0.418110550817,-0.170537543201,-0.358766567571,-0.546374877895,0.246476306846,-0.524188656504,-0.768356228967,-0.345067262549,-0.666902025487,-1.46001834679
Jeep,0,0.676012858421,-0.583663314252,0.118203215451,0.0685797259174,-0.273509060153,0.041438302251,-0.150512519242,0.543795602713,-0.00267213181463,0.180089771774,-0.0527791657042,-0.126375492668,-0.19183599053,0.0161287503453,0.216091643767,0.221139957146,-0.436991810997,0.0474636946178,-0.0483938471212,0.536729864259,-0.0394647476298,0.14526927069,0.823388915162,-0.263675534735,-0.87219315831,-0.0417228211465,-0.326502841248,0.20403739569,0.0549350197931,-0.838178111623,0.238011613091,-0.263093315619,0.166734174642,0.337229105979,0.266924711111,-0.169661104173,-0.343987847323,-0.405663865444,-0.116837022584,-0.54406298742,0.120420597094,-0.0832591385374,-0.509927169349,-0.249529259606,-0.394031801106,0.602791882931,-0.136872677449,-0.0823250947711,-0.486062460484,-0.292441098926,0.21007081639,0.269889131974,0.237531719753,-0.218538916821,0.168078167715,-0.121644412552,-0.0516946003034,-0.0183445274333,-0.139220852815,-0.678069761285,-0.334124457996,-0.281032516566,-0.12591608263,0.0729428518419,0.265499613973,-1.86149670285,0.372618544465,0.598634335961,0.0597746186389,-1.0194350541,-0.132024192118,0.828580508853,0.550999561037,0.265535393412,1.64534312206
Jeep,1,-0.547922465418,0.419877120724,-0.0723640277115,0.0670691260076,0.189725701948,-0.0811910922093,0.174201563201,-0.438162000903,-0.0160131963664,-0.137897574859,0.0478926892721,0.101397424567,0.319787707224,-0.00124691981042,-0.118127994833,-0.106335237165,0.390924087124,0.10230894438,-0.0546803916325,-0.386056404153,0.0360894854875,-0.165206669341,-0.603834687783,0.165837046293,0.539615036745,0.441340790916,0.00469772755241,-0.126753169719,-0.563018463407,0.0949149287332,-0.207891881329,0.222886709905,-0.200792674309,-0.0765515167012,-0.323654302594,0.136871374635,0.225376588345,0.0308223179044,0.136195572712,0.369014557147,-0.111452490789,-0.230738001756,0.470667236363,0.347696962182,-0.13450467755,-0.60431303764,-0.0543927478103,0.183662978254,-0.187260607898,0.2654641661,-0.238753958803,-0.241916132701,-0.098361004247,0.229946473556,-0.082447599098,0.103858719102,-0.0475576061102,-0.00963875483593,-0.115223950051,0.578838962907,0.160528984467,-0.262818577086,0.027581504547,0.00815507870029,0.164235683177,0.89158480645,-0.504335950955,-0.661345036655,-0.10841159557,1.03477597942,0.249528483929,-0.746626970763,-0.39336437045,-0.471920713786,-0.126954429422
Jeep,2,-0.611077478775,0.449990084165,-0.0496294829559,-0.385065840574,0.159358258421,0.193588596365,0.0147127636561,-0.444354877065,-0.211467434161,-0.0277134108046,-0.450448731534,0.286004486697,-1.29085130894,-0.119919538093,-0.605357614927,-0.364019266388,-0.116755920386,-0.454673413277,0.0940326508875,-0.320662598916,0.0513280274642,-0.0341573856833,-1.14491187296,0.0533021853733,0.715195304048,-0.600616946174,0.731251304112,-0.383618244103,1.21136953439,1.40901036897,-0.00573350631345,0.282468448725,0.489498424227,-0.324314063324,0.42887186456,0.278516659416,0.326225931157,0.807184798266,-0.034290419094,0.156610570241,-0.155587285732,1.07911008526,-0.0673994109384,-0.413891141917,1.24241907456,-0.584216736092,0.571356196604,-0.336934368507,0.28350753662,-0.00272215971492,0.191190122773,0.246328826242,-0.519890403253,-0.179413019138,-0.208015989656,0.0885684412502,0.353924206878,0.169147077034,0.894990733319,0.40749138181,0.472893027286,0.941037241171,0.0944958262898,-0.188717235725,-0.701673969446,1.25198253748,0.245746683203,-0.402609235048,-0.00536469843429,0.110669276502,-0.841547364445,-0.666752397382,-0.61120468301,0.775150990224,-1.63679757709
Jeep,3,-0.168329627775,-0.0342172182913,-0.346557203136,-0.553799161558,0.0593926489083,0.0673332442522,-0.33044269861,-0.432281898141,0.212723027759,-0.428000203399,0.894155707611,-0.689654958401,0.151050690168,-0.293715716653,0.186587172695,-0.826108436955,0.60435526852,-0.693962411761,0.31339920385,-0.215980822369,-0.634131303987,-0.100080894835,-1.13711960003,-0.0845239276661,-0.11356184375,-0.0956926792816,-0.0104810829494,-0.291483931754,0.423283711123,0.429436680872,-0.17103940087,-0.340230288415,-0.62070022332,-0.0540597087159,-0.249210591757,-0.412509246237,-0.110608315904,-0.178840632411,-0.00377642992428,-0.136865809946,0.0863802211186,-0.450551479061,-0.204203341769,-0.357862585487,-0.0270972383036,0.966204074413,-0.285317264171,-0.585768166101,0.747192125415,-0.00139674781706,-0.25697515299,-0.444429519432,-0.0494871975525,0.259732110722,-0.257124925632,0.0267312256811,-0.375804717397,0.570169817639,0.738031165179,-0.233035112272,0.167947033093,1.45261568262,0.956915739128,0.575455722502,-0.964072671176,-0.368528227752,-0.432214383775,-0.248900823457,-0.0079960445941,0.0449610638484,-0.0953170085424,-0.318436074475,-0.233855845332,-0.535442921175,-1.34927381725
Mitsubishi,0,-0.734541001905,-0.00896065934981,0.0204898598455,0.493142937073,0.016564785427,0.294216395093,0.454925351817,0.259591689127,-0.300546226505,0.0842803464811,-0.186021858854,0.0083822718445,-0.277912261524,0.402073881145,-0.0966250608713,-0.0454273159209,-0.550384778798,0.0585508830881,-0.0736242205884,0.773855415525,-0.0209588957043,0.379851846504,0.916391588652,-0.979709505189,-0.406070827121,0.337907664211,0.175838638747,-0.0269211233064,0.408934546302,-0.477263285668,0.241979263487,0.300543959721,0.309891516325,0.207840029804,-0.359271557818,0.379164435958,-0.379674471414,0.145263515202,0.336206021145,-0.00610639549348,0.209531080488,-0.411913431003,-0.957348867076,-0.103998136261,0.369739490498,-0.098690104315,-0.624064741356,0.507756809981,-0.808392687458,-0.0081600336836,-0.296474746513,0.333128516067,0.250548049088,0.289819495418,-0.287393793054,-0.165397500606,-0.160606203025,-0.0770101984462,-0.0504143532325,-0.471859329745,-0.658307207394,-0.56586085613,-0.043431858065,-0.732385775033,0.0517503020954,-1.0079346615,0.705633599967,-0.21010188094,0.250930723364,-0.745024332468,0.443338721318,1.18827702616,-0.374356706196,0.449640913181,0.855364684588
Mitsubishi,1,0.476281073791,0.171803639677,0.0779271928092,-0.478384356908,-0.132720894801,-0.157777379627,-0.610765764887,-0.08871976074,0.416487601254,-0.265120620502,0.240166613565,-0.296248831617,0.270279695012,-0.200254230473,0.126720243953,0.115885142689,0.440512226263,0.112932982906,0.165045722262,-0.735371722808,-0.0530878380828,-0.162621936528,-0.550145753434,0.506755068288,-0.14798728623,-0.281152660742,-0.508593678555,-0.281526287792,-0.725073959297,-0.259477609485,-0.247621628865,-0.267950508083,-0.687959400118,0.179116177459,0.326441704969,-0.305082746347,0.585057724766,-0.15901417213,-0.368419832179,0.408611088081,-0.0523709935168,0.452851514933,0.917512206086,0.233584196749,-0.570037658181,0.164511111013,0.202554427168,-0.17178375789,0.57020724663,-0.30955714575,0.0841179737996,-0.437590063352,-0.29654250662,-0.287773313174,0.092462895711,0.212507077557,-0.0283682929548,0.0149613918481,0.0569091664064,0.434101853835,0.0794036203241,-0.244128134212,-0.075742601943,0.729426397733,-0.737718570175,0.00799131876161,-0.0314544995873,0.215919051448,-0.0816227166323,0.661867881781,-0.542002727838,-0.429305458059,0.0708087347307,-0.162492543523,0.35094171195
Mitsubishi,2,-0.206454707974,-0.506974511492,-0.138602214956,-0.0757639245357,0.020418777694,-0.163812664054,0.445822496499,-0.260742175906,-0.221995906911,0.139294366329,-0.0265268380071,0.607908326818,-0.216128098309,-0.389399381604,0.015872760541,0.00891298318528,-0.0368500379293,-0.285229108969,0.0101149424588,-0.0396653017623,0.326541418706,-0.771915347524,-0.851838485351,0.589225733355,0.151261379309,-0.435485062507,-0.269793025948,0.510219024309,0.531152659603,0.852923102508,-0.533963442929,0.21772853927,0.660896809564,-0.514750620784,-0.606128029243,-0.296352291528,-0.210584414065,-0.209214960374,-0.0706690512197,-0.585464772195,-0.690496961204,-0.360777587941,0.272196354247,-0.0758510786859,0.0416866664163,-0.451719007357,0.761888967926,-0.63795651391,0.428005791111,0.508487827975,0.687116041761,0.401964183797,0.132188664561,0.249369954226,0.376326332296,-0.0197540253772,-0.227062731169,0.251929104901,-0.142196765607,0.173626846011,0.557208501529,0.58564254333,0.129542778605,0.176234744046,0.858131737704,0.604433392482,-0.754444806234,-0.339555997749,-0.365310240279,0.29853525582,-0.0707807961978,-0.891943564445,0.760244500915,-0.3043922849,-0.960634579167
Mitsubishi,3,0.833193859398,0.00512700301593,-0.147311347737,0.623507817273,0.528282522009,-0.0710482556189,-0.0439633337798,-0.157560371444,-0.643702730582,0.301920632427,-0.339084815175,0.281218891961,0.00887700818085,-0.277080284057,-0.582698068097,-1.10308397128,0.0425331667785,-0.48126572166,-0.167085602216,-0.151174700132,-0.246126501699,0.324787931476,-0.520388064558,-0.0158280826176,0.481076789428,0.434089114459,0.856093285036,0.412540864998,0.546625662387,0.653743001235,0.544829921745,-0.3445519054,0.251729600421,-0.123731000581,0.475545336981,0.229829042023,-0.0379919952092,0.219400651516,-0.0347386775559,-0.0539578290579,0.343454372484,-0.0340253952265,-0.482527308313,-0.0307428503818,0.874258274993,-0.266168072962,-0.297257082401,-0.267390928934,-0.130999302124,-0.0456346294643,-0.598214276787,0.261226668054,0.27701493325,-0.122994703899,0.0801843709672,-0.632095582636,1.06114769256,-0.144167362862,0.183753999383,-0.253146388634,0.537386283484,1.32298533382,0.176574341377,-0.630769709272,0.0709190268051,0.324184838068,-0.477519393624,-0.0748876337674,-0.286231856726,-0.467173541776,0.151146184577,-0.596506861829,-1.00939207961,-1.00007828222,-1.12719379822
Scion,0,-0.0635235617728,-0.315625057685,-0.048213103256,0.333817700849,0.079295991557,0.41526625041,-0.334545121728,0.537687832427,-0.0150998811337,-0.147649579625,0.0732588184027,0.138102647683,0.0987876486378,-0.375689704122,-0.52705085934,0.0604459803628,-0.220746717908,0.270850362629,0.28953306174,0.62142792226,-0.951737170283,0.27359787073,0.767091501651,-0.104984619564,0.251302753095,0.307299261516,0.0547676495265,-0.20011725851,0.270824056677,0.56881726606,0.273982364388,-1.20855360527,0.204201067335,-0.133259760766,0.0812425452266,0.350287371808,0.0,0.158138407479,0.0,0.254888468279,0.221920189065,-0.903115614694,0.174697719861,-0.29962606675,-0.405408473263,0.404142225571,-0.982686928298,-0.0600620786471,0.50769593963,0.0,-0.342780524609,0.586899717408,-0.401370951126,0.0762076933909,-0.242430849312,-0.0257949653148,-0.218568972617,0.1515422467,-0.408924765003,-0.977327011519,-0.429393089774,0.788165285341,-0.390978541456,-0.29063615759,-0.0253418751145,-0.0249093081855,-0.023337008777,-0.0231905235444,-0.0239437539208,-0.0232373544646,-0.0245136792611,-0.0246502589716,-0.0238943037314,-0.0235296003475,-0.0263554068148
Scion,1,0.290746051199,-0.172275611095,-0.0178519936962,-0.0128944722196,0.375536240637,-0.155309978519,0.482731613288,-0.0570758848681,0.106966505027,-0.160195382332,-0.16536793709,0.392030187317,-0.132490329691,0.217599926995,0.433070612824,0.0211385666135,-0.26998018558,-0.0573347037666,-0.492574934315,-1.08910560231,1.08398874974,0.0729248974047,-0.79658114858,0.120623130814,0.19326981918,0.0151997580798,-0.161561094215,0.263971199244,-0.182952155174,-0.797481609954,0.127981844933,1.36766392896,-0.329633749213,-0.35401245075,0.536553233417,-0.354658479781,0.0,0.149986894852,0.0,-0.0800039110107,-0.290205663347,0.202264682965,0.123604836531,-0.645991530215,0.371163520889,-0.415666864944,0.432313242263,-0.538146431091,-0.575110392745,0.0,0.541178182274,0.00990019909833,0.127940855261,-0.280510983135,0.221889597366,0.581329787508,-0.00627591924138,0.219908498792,0.548503133238,0.419717996797,-0.286361956244,-0.515039493771,0.0220569336032,0.145975946579,-0.0172963662561,-0.0170011301696,-0.0159280025375,-0.0158280232651,-0.016342118943,-0.0158599863596,-0.0167311050531,-0.016824323597,-0.0163083681419,-0.0160594503616,-0.0179881230981
Scion,2,-0.0903259936961,0.0875925512529,-0.0389416485221,-0.436375045804,-0.735589532929,-0.406350137755,-0.733534049619,-0.906206116513,-0.13406393261,0.619149889024,-0.62106731063,-0.780669628668,0.0630757836213,-0.096366044014,0.300923139265,-0.146400618452,0.965299580445,-0.343668364499,0.312905516498,0.489194631336,-0.339400314292,-0.479049012658,-0.172245875345,-0.0200354470647,-0.457016275961,-0.337357029175,-0.0412799519954,0.222050519477,-0.239363874813,0.269447248112,-0.146328002885,-0.784947773807,0.258902195739,0.450342609007,-0.495796316393,-0.161536281745,0.0,-0.249300067563,0.0,-0.208783314642,-0.432719638317,0.0519665342062,-0.26719370673,0.491256989921,-0.0799570249632,-0.133177483441,0.885258891348,0.284750667678,-0.032121566932,0.0,-0.200240647728,-0.495742637871,0.448092878117,0.394642167243,0.0212935525723,-0.329412281321,0.149840050515,-0.915676261476,0.0681780223108,0.878883171174,1.14522961928,-0.261614944102,0.189705632996,0.389646964703,-0.294004019173,-0.288985589593,-0.270744542182,-0.269045092281,-0.277783702073,-0.269588401674,-0.284395696644,-0.28598022753,-0.277210005204,-0.272978895226,-0.305762517393
Scion,3,-0.175230343129,0.652129990785,0.134146091031,-0.144476972641,-0.25121287992,-0.246915257331,0.194726765779,-0.11361832848,-0.422387383715,-0.383809219652,0.797092895533,-0.352808038104,-0.385581332196,0.190076720964,-0.273358189645,0.024801700127,-0.0156307311137,0.0602688831613,-0.233511968902,-0.195342199662,-0.388403583522,-0.189792158749,0.450395071924,-0.0198054443093,-0.0320679185856,-0.050079606745,-0.0389600418205,-0.268668301473,-0.0206637051549,-0.0855712529693,-0.637299613431,0.0529783641148,-0.234580006447,-0.00324983846143,-0.423346175504,-0.114937886449,0.0,-0.11468117899,0.0,-0.036247371744,0.852351903997,1.1908940778,-0.117937533116,0.673728531793,-0.0286238640362,-0.0904151293038,-0.181858345399,0.495941047771,-0.0778943443747,0.0,-0.028387688934,-0.713373757195,-0.363161681244,-0.372751103117,-0.139993792135,-0.398145878487,-0.151884907023,0.778897464316,-0.314720836752,-0.729357853891,-0.549400472747,0.371511403998,0.51220021854,-0.131631859844,-0.333233903224,-0.327545848749,-0.306870840819,-0.304944627956,-0.314849258028,-0.305560432835,-0.3223435119,-0.324139471742,-0.314199010975,-0.309403330641,-0.346561374967
MINI,0,0.0,-0.218525100267,0.711098701326,0.130233663795,0.155577985929,0.555638860218,0.0985130893119,0.189923959597,-0.251125479531,-0.0629471143382,-0.403097114363,0.622615951875,-0.100659870363,0.709487765567,-0.420261822102,-0.217395441704,0.173570080977,-0.689716748258,-0.354941389909,-0.0889105138363,0.078491736869,0.801055544869,0.381649420082,0.0,0.0,0.0,0.0,-0.118595933941,0.641298060773,0.0,0.0687149789812,0.401513091925,0.0198970473366,0.0,-0.631761573812,0.109996596101,0.0,-0.179569763529,0.0,0.0,0.126226482002,-0.128568096905,0.0,0.0,-0.825216912054,-0.469030546354,-0.369620037078,-0.0575663075841,0.0,0.0,-0.0347972574037,0.606499398378,0.15138753734,-0.630001962887,-1.0113489142,0.0970620667547,-0.465373403385,0.424715588759,-0.532681790884,-0.142060298911,-0.201655569848,-0.183435121896,0.114955537699,-0.0524775274818,-0.0175223989093,-0.0172233046138,-0.0161361531178,-0.0160348672947,-0.016555681286,-0.0160672480898,-0.0169497507507,-0.0170441874947,-0.0165214894221,-0.0162693187305,-0.0182231957793
MINI,1,0.0,0.20186198426,-1.08090321635,-0.0280305150772,-0.126431800193,-0.841234214045,-0.0885423096675,-0.0459990917778,0.398747715013,0.0754301840674,0.491153283277,-0.427957625122,0.185534309322,-0.620248542201,0.60079850298,-0.0846094618055,0.0312413011899,0.473187599484,0.42684208916,0.178339512575,0.112277759634,-0.730551110236,-0.00293899941787,0.0,0.0,0.0,0.0,0.168468395377,-0.678663577726,0.0,-0.0231940166922,-0.375171653335,0.0579040064339,0.0,0.705212940638,-0.0871138211748,0.0,-0.373152419768,0.0,0.0,0.0209427794128,0.0982225912828,0.0,0.0,0.53910327171,0.442995037509,0.443316953919,0.133766841748,0.0,0.0,-0.0399188243018,-0.441745659983,-0.0841618071403,0.384839074756,1.31984050499,-0.385251377009,0.592286903249,-0.272536053004,0.539513067141,-0.0332671047855,0.34609834337,0.3766154043,-0.327404030457,0.174906384775,-0.0249598470402,-0.0245338010458,-0.0229852040079,-0.0228409270361,-0.0235828024852,-0.0228870519815,-0.0241441362166,-0.0242786569917,-0.0235340977561,-0.0231748922658,-0.0259580997777
MINI,2,0.0,-0.0268706443149,0.442078768181,-0.146561378471,-0.0467292253148,0.405036923886,-0.0360277555505,-0.136271640212,-0.166682564524,-0.0735998696297,-0.117237122359,-0.281692505193,-0.157082994186,-0.131576028377,-0.293682526486,0.441664861506,-0.411962784263,0.281894391772,-0.0596807947182,-0.0841192502228,-0.255660375318,-0.138171656694,-1.10689923488,0.0,0.0,0.0,0.0,-0.139834107815,-0.0397692435425,0.0,-0.0808199208247,-0.0295733465009,-0.124917083657,0.0,-0.144314709612,-0.0764973444344,0.0,0.60750983134,0.0,0.0,-0.448561347225,-0.0125720136307,0.0,0.0,0.352717261153,-0.0163677849832,-0.0977396896022,-0.324333531304,0.0,0.0,-0.026741181331,-0.348129921521,-0.197615784224,0.542730985279,-0.649177922702,0.466721054119,-0.218045522557,-0.254642555835,-0.0541243266293,0.332090641329,-0.32031714318,-0.24357186796,0.260171221045,-0.0968653981871,-0.271682689902,-0.267045268783,-0.250189115452,-0.248618690933,-0.256693849296,-0.249120751271,-0.262803849002,-0.264268079371,-0.256163708555,-0.252253832277,-0.282548461174
